ISO-10303-21;
HEADER;
FILE_DESCRIPTION(('Open CASCADE Model'),'2;1');
FILE_NAME('Open CASCADE Shape Model','2026-09-26T10:42:46',('Author'),(
    'Open CASCADE'),'Open CASCADE STEP processor 8.0','build123d',
  'Unknown');
FILE_SCHEMA(('AUTOMOTIVE_DESIGN { 1 0 10303 214 1 1 1 1 }'));
ENDSEC;
DATA;
#1 = APPLICATION_PROTOCOL_DEFINITION('international standard',
  'automotive_design',2000,#2);
#2 = APPLICATION_CONTEXT(
  'core data for automotive mechanical design processes');
#3 = SHAPE_DEFINITION_REPRESENTATION(#4,#10);
#4 = PRODUCT_DEFINITION_SHAPE('','',#5);
#5 = PRODUCT_DEFINITION('design','',#6,#9);
#6 = PRODUCT_DEFINITION_FORMATION('','',#7);
#7 = PRODUCT('COMPOUND','COMPOUND','',(#8));
#8 = PRODUCT_CONTEXT('',#2,'mechanical');
#9 = PRODUCT_DEFINITION_CONTEXT('part definition',#2,'design');
#10 = ADVANCED_BREP_SHAPE_REPRESENTATION('',(#11,#15),#2847);
#11 = AXIS2_PLACEMENT_3D('',#12,#13,#14);
#12 = CARTESIAN_POINT('',(0.,0.,0.));
#13 = DIRECTION('',(0.,0.,1.));
#14 = DIRECTION('',(1.,0.,-0.));
#15 = MANIFOLD_SOLID_BREP('',#16);
#16 = CLOSED_SHELL('',(#17,#137,#421,#475,#525,#744,#771,#798,#994,#1117
    ,#1166,#1257,#1282,#1337,#1408,#1499,#1548,#1681,#1992,#2019,#2026,
    #2037,#2211,#2312,#2379,#2407,#2454,#2482,#2558,#2607,#2656,#2705,
    #2754,#2781,#2835));
#17 = ADVANCED_FACE('',(#18),#32,.T.);
#18 = FACE_BOUND('',#19,.T.);
#19 = EDGE_LOOP('',(#20,#55,#83,#111));
#20 = ORIENTED_EDGE('',*,*,#21,.F.);
#21 = EDGE_CURVE('',#22,#24,#26,.T.);
#22 = VERTEX_POINT('',#23);
#23 = CARTESIAN_POINT('',(25.,10.094443153702,0.));
#24 = VERTEX_POINT('',#25);
#25 = CARTESIAN_POINT('',(25.,-10.0944431537,0.));
#26 = SURFACE_CURVE('',#27,(#31,#43),.PCURVE_S1.);
#27 = LINE('',#28,#29);
#28 = CARTESIAN_POINT('',(25.,11.8,0.));
#29 = VECTOR('',#30,1.);
#30 = DIRECTION('',(0.,-1.,0.));
#31 = PCURVE('',#32,#37);
#32 = PLANE('',#33);
#33 = AXIS2_PLACEMENT_3D('',#34,#35,#36);
#34 = CARTESIAN_POINT('',(25.,11.8,0.));
#35 = DIRECTION('',(1.,0.,0.));
#36 = DIRECTION('',(0.,-1.,0.));
#37 = DEFINITIONAL_REPRESENTATION('',(#38),#42);
#38 = LINE('',#39,#40);
#39 = CARTESIAN_POINT('',(0.,0.));
#40 = VECTOR('',#41,1.);
#41 = DIRECTION('',(1.,0.));
#42 = ( GEOMETRIC_REPRESENTATION_CONTEXT(2) 
PARAMETRIC_REPRESENTATION_CONTEXT() REPRESENTATION_CONTEXT('2D SPACE',''
  ) );
#43 = PCURVE('',#44,#49);
#44 = PLANE('',#45);
#45 = AXIS2_PLACEMENT_3D('',#46,#47,#48);
#46 = CARTESIAN_POINT('',(6.766499159323,4.726417709711E-16,0.));
#47 = DIRECTION('',(-0.,-0.,-1.));
#48 = DIRECTION('',(-1.,0.,0.));
#49 = DEFINITIONAL_REPRESENTATION('',(#50),#54);
#50 = LINE('',#51,#52);
#51 = CARTESIAN_POINT('',(-18.23350084067,11.8));
#52 = VECTOR('',#53,1.);
#53 = DIRECTION('',(0.,-1.));
#54 = ( GEOMETRIC_REPRESENTATION_CONTEXT(2) 
PARAMETRIC_REPRESENTATION_CONTEXT() REPRESENTATION_CONTEXT('2D SPACE',''
  ) );
#55 = ORIENTED_EDGE('',*,*,#56,.T.);
#56 = EDGE_CURVE('',#22,#57,#59,.T.);
#57 = VERTEX_POINT('',#58);
#58 = CARTESIAN_POINT('',(25.,10.094443153702,43.96));
#59 = SURFACE_CURVE('',#60,(#64,#71),.PCURVE_S1.);
#60 = LINE('',#61,#62);
#61 = CARTESIAN_POINT('',(25.,10.094443153702,0.));
#62 = VECTOR('',#63,1.);
#63 = DIRECTION('',(0.,-0.,1.));
#64 = PCURVE('',#32,#65);
#65 = DEFINITIONAL_REPRESENTATION('',(#66),#70);
#66 = LINE('',#67,#68);
#67 = CARTESIAN_POINT('',(1.705556846298,0.));
#68 = VECTOR('',#69,1.);
#69 = DIRECTION('',(0.,-1.));
#70 = ( GEOMETRIC_REPRESENTATION_CONTEXT(2) 
PARAMETRIC_REPRESENTATION_CONTEXT() REPRESENTATION_CONTEXT('2D SPACE',''
  ) );
#71 = PCURVE('',#72,#77);
#72 = CYLINDRICAL_SURFACE('',#73,2.);
#73 = AXIS2_PLACEMENT_3D('',#74,#75,#76);
#74 = CARTESIAN_POINT('',(23.,10.094443153702,0.));
#75 = DIRECTION('',(0.,-0.,1.));
#76 = DIRECTION('',(1.,0.,0.));
#77 = DEFINITIONAL_REPRESENTATION('',(#78),#82);
#78 = LINE('',#79,#80);
#79 = CARTESIAN_POINT('',(0.,0.));
#80 = VECTOR('',#81,1.);
#81 = DIRECTION('',(0.,1.));
#82 = ( GEOMETRIC_REPRESENTATION_CONTEXT(2) 
PARAMETRIC_REPRESENTATION_CONTEXT() REPRESENTATION_CONTEXT('2D SPACE',''
  ) );
#83 = ORIENTED_EDGE('',*,*,#84,.T.);
#84 = EDGE_CURVE('',#57,#85,#87,.T.);
#85 = VERTEX_POINT('',#86);
#86 = CARTESIAN_POINT('',(25.,-10.0944431537,43.96));
#87 = SURFACE_CURVE('',#88,(#92,#99),.PCURVE_S1.);
#88 = LINE('',#89,#90);
#89 = CARTESIAN_POINT('',(25.,11.8,43.96));
#90 = VECTOR('',#91,1.);
#91 = DIRECTION('',(0.,-1.,0.));
#92 = PCURVE('',#32,#93);
#93 = DEFINITIONAL_REPRESENTATION('',(#94),#98);
#94 = LINE('',#95,#96);
#95 = CARTESIAN_POINT('',(0.,-43.96));
#96 = VECTOR('',#97,1.);
#97 = DIRECTION('',(1.,0.));
#98 = ( GEOMETRIC_REPRESENTATION_CONTEXT(2) 
PARAMETRIC_REPRESENTATION_CONTEXT() REPRESENTATION_CONTEXT('2D SPACE',''
  ) );
#99 = PCURVE('',#100,#105);
#100 = PLANE('',#101);
#101 = AXIS2_PLACEMENT_3D('',#102,#103,#104);
#102 = CARTESIAN_POINT('',(6.766499159323,4.726417709711E-16,43.96));
#103 = DIRECTION('',(-0.,-0.,-1.));
#104 = DIRECTION('',(-1.,0.,0.));
#105 = DEFINITIONAL_REPRESENTATION('',(#106),#110);
#106 = LINE('',#107,#108);
#107 = CARTESIAN_POINT('',(-18.23350084067,11.8));
#108 = VECTOR('',#109,1.);
#109 = DIRECTION('',(0.,-1.));
#110 = ( GEOMETRIC_REPRESENTATION_CONTEXT(2) 
PARAMETRIC_REPRESENTATION_CONTEXT() REPRESENTATION_CONTEXT('2D SPACE',''
  ) );
#111 = ORIENTED_EDGE('',*,*,#112,.F.);
#112 = EDGE_CURVE('',#24,#85,#113,.T.);
#113 = SURFACE_CURVE('',#114,(#118,#125),.PCURVE_S1.);
#114 = LINE('',#115,#116);
#115 = CARTESIAN_POINT('',(25.,-10.0944431537,0.));
#116 = VECTOR('',#117,1.);
#117 = DIRECTION('',(0.,-0.,1.));
#118 = PCURVE('',#32,#119);
#119 = DEFINITIONAL_REPRESENTATION('',(#120),#124);
#120 = LINE('',#121,#122);
#121 = CARTESIAN_POINT('',(21.894443153702,0.));
#122 = VECTOR('',#123,1.);
#123 = DIRECTION('',(0.,-1.));
#124 = ( GEOMETRIC_REPRESENTATION_CONTEXT(2) 
PARAMETRIC_REPRESENTATION_CONTEXT() REPRESENTATION_CONTEXT('2D SPACE',''
  ) );
#125 = PCURVE('',#126,#131);
#126 = CYLINDRICAL_SURFACE('',#127,2.);
#127 = AXIS2_PLACEMENT_3D('',#128,#129,#130);
#128 = CARTESIAN_POINT('',(23.,-10.0944431537,0.));
#129 = DIRECTION('',(0.,-0.,1.));
#130 = DIRECTION('',(1.,0.,0.));
#131 = DEFINITIONAL_REPRESENTATION('',(#132),#136);
#132 = LINE('',#133,#134);
#133 = CARTESIAN_POINT('',(-0.,0.));
#134 = VECTOR('',#135,1.);
#135 = DIRECTION('',(-0.,1.));
#136 = ( GEOMETRIC_REPRESENTATION_CONTEXT(2) 
PARAMETRIC_REPRESENTATION_CONTEXT() REPRESENTATION_CONTEXT('2D SPACE',''
  ) );
#137 = ADVANCED_FACE('',(#138,#280,#386),#44,.T.);
#138 = FACE_BOUND('',#139,.T.);
#139 = EDGE_LOOP('',(#140,#141,#165,#193,#226,#254));
#140 = ORIENTED_EDGE('',*,*,#21,.T.);
#141 = ORIENTED_EDGE('',*,*,#142,.T.);
#142 = EDGE_CURVE('',#24,#143,#145,.T.);
#143 = VERTEX_POINT('',#144);
#144 = CARTESIAN_POINT('',(23.315845367359,-12.06934611433,0.));
#145 = SURFACE_CURVE('',#146,(#151,#158),.PCURVE_S1.);
#146 = CIRCLE('',#147,2.);
#147 = AXIS2_PLACEMENT_3D('',#148,#149,#150);
#148 = CARTESIAN_POINT('',(23.,-10.0944431537,0.));
#149 = DIRECTION('',(-0.,0.,-1.));
#150 = DIRECTION('',(0.,-1.,-0.));
#151 = PCURVE('',#44,#152);
#152 = DEFINITIONAL_REPRESENTATION('',(#153),#157);
#153 = CIRCLE('',#154,2.);
#154 = AXIS2_PLACEMENT_2D('',#155,#156);
#155 = CARTESIAN_POINT('',(-16.23350084067,-10.0944431537));
#156 = DIRECTION('',(-0.,-1.));
#157 = ( GEOMETRIC_REPRESENTATION_CONTEXT(2) 
PARAMETRIC_REPRESENTATION_CONTEXT() REPRESENTATION_CONTEXT('2D SPACE',''
  ) );
#158 = PCURVE('',#126,#159);
#159 = DEFINITIONAL_REPRESENTATION('',(#160),#164);
#160 = LINE('',#161,#162);
#161 = CARTESIAN_POINT('',(4.712388980385,-0.));
#162 = VECTOR('',#163,1.);
#163 = DIRECTION('',(-1.,0.));
#164 = ( GEOMETRIC_REPRESENTATION_CONTEXT(2) 
PARAMETRIC_REPRESENTATION_CONTEXT() REPRESENTATION_CONTEXT('2D SPACE',''
  ) );
#165 = ORIENTED_EDGE('',*,*,#166,.F.);
#166 = EDGE_CURVE('',#167,#143,#169,.T.);
#167 = VERTEX_POINT('',#168);
#168 = CARTESIAN_POINT('',(2.450728198255,-15.40629518405,0.));
#169 = SURFACE_CURVE('',#170,(#174,#181),.PCURVE_S1.);
#170 = LINE('',#171,#172);
#171 = CARTESIAN_POINT('',(2.450728198255,-15.40629518405,0.));
#172 = VECTOR('',#173,1.);
#173 = DIRECTION('',(0.987451480317,0.15792268368,0.));
#174 = PCURVE('',#44,#175);
#175 = DEFINITIONAL_REPRESENTATION('',(#176),#180);
#176 = LINE('',#177,#178);
#177 = CARTESIAN_POINT('',(4.315770961068,-15.40629518405));
#178 = VECTOR('',#179,1.);
#179 = DIRECTION('',(-0.987451480317,0.15792268368));
#180 = ( GEOMETRIC_REPRESENTATION_CONTEXT(2) 
PARAMETRIC_REPRESENTATION_CONTEXT() REPRESENTATION_CONTEXT('2D SPACE',''
  ) );
#181 = PCURVE('',#182,#187);
#182 = PLANE('',#183);
#183 = AXIS2_PLACEMENT_3D('',#184,#185,#186);
#184 = CARTESIAN_POINT('',(2.450728198255,-15.40629518405,0.));
#185 = DIRECTION('',(-0.15792268368,0.987451480317,0.));
#186 = DIRECTION('',(0.987451480317,0.15792268368,0.));
#187 = DEFINITIONAL_REPRESENTATION('',(#188),#192);
#188 = LINE('',#189,#190);
#189 = CARTESIAN_POINT('',(0.,0.));
#190 = VECTOR('',#191,1.);
#191 = DIRECTION('',(1.,0.));
#192 = ( GEOMETRIC_REPRESENTATION_CONTEXT(2) 
PARAMETRIC_REPRESENTATION_CONTEXT() REPRESENTATION_CONTEXT('2D SPACE',''
  ) );
#193 = ORIENTED_EDGE('',*,*,#194,.F.);
#194 = EDGE_CURVE('',#195,#167,#197,.T.);
#195 = VERTEX_POINT('',#196);
#196 = CARTESIAN_POINT('',(2.450728198255,15.406295184056,0.));
#197 = SURFACE_CURVE('',#198,(#203,#214),.PCURVE_S1.);
#198 = CIRCLE('',#199,15.6);
#199 = AXIS2_PLACEMENT_3D('',#200,#201,#202);
#200 = CARTESIAN_POINT('',(0.,0.,0.));
#201 = DIRECTION('',(0.,0.,1.));
#202 = DIRECTION('',(1.,0.,-0.));
#203 = PCURVE('',#44,#204);
#204 = DEFINITIONAL_REPRESENTATION('',(#205),#213);
#205 = ( BOUNDED_CURVE() B_SPLINE_CURVE(2,(#206,#207,#208,#209,#210,#211
,#212),.UNSPECIFIED.,.T.,.F.) B_SPLINE_CURVE_WITH_KNOTS((1,2,2,2,2,1),(
    -2.094395102393,0.,2.094395102393,4.188790204786,6.28318530718,
8.377580409573),.UNSPECIFIED.) CURVE() GEOMETRIC_REPRESENTATION_ITEM() 
RATIONAL_B_SPLINE_CURVE((1.,0.5,1.,0.5,1.,0.5,1.)) REPRESENTATION_ITEM(
  '') );
#206 = CARTESIAN_POINT('',(-8.833500840677,-4.726417709711E-16));
#207 = CARTESIAN_POINT('',(-8.833500840677,27.019992598074));
#208 = CARTESIAN_POINT('',(14.566499159323,13.509996299037));
#209 = CARTESIAN_POINT('',(37.966499159323,3.348256242369E-15));
#210 = CARTESIAN_POINT('',(14.566499159323,-13.50999629903));
#211 = CARTESIAN_POINT('',(-8.833500840677,-27.01999259807));
#212 = CARTESIAN_POINT('',(-8.833500840677,-4.726417709711E-16));
#213 = ( GEOMETRIC_REPRESENTATION_CONTEXT(2) 
PARAMETRIC_REPRESENTATION_CONTEXT() REPRESENTATION_CONTEXT('2D SPACE',''
  ) );
#214 = PCURVE('',#215,#220);
#215 = CYLINDRICAL_SURFACE('',#216,15.6);
#216 = AXIS2_PLACEMENT_3D('',#217,#218,#219);
#217 = CARTESIAN_POINT('',(0.,0.,0.));
#218 = DIRECTION('',(-0.,-0.,-1.));
#219 = DIRECTION('',(1.,0.,-0.));
#220 = DEFINITIONAL_REPRESENTATION('',(#221),#225);
#221 = LINE('',#222,#223);
#222 = CARTESIAN_POINT('',(-0.,0.));
#223 = VECTOR('',#224,1.);
#224 = DIRECTION('',(-1.,0.));
#225 = ( GEOMETRIC_REPRESENTATION_CONTEXT(2) 
PARAMETRIC_REPRESENTATION_CONTEXT() REPRESENTATION_CONTEXT('2D SPACE',''
  ) );
#226 = ORIENTED_EDGE('',*,*,#227,.T.);
#227 = EDGE_CURVE('',#195,#228,#230,.T.);
#228 = VERTEX_POINT('',#229);
#229 = CARTESIAN_POINT('',(23.315845367359,12.069346114336,0.));
#230 = SURFACE_CURVE('',#231,(#235,#242),.PCURVE_S1.);
#231 = LINE('',#232,#233);
#232 = CARTESIAN_POINT('',(2.450728198255,15.406295184056,0.));
#233 = VECTOR('',#234,1.);
#234 = DIRECTION('',(0.987451480317,-0.15792268368,0.));
#235 = PCURVE('',#44,#236);
#236 = DEFINITIONAL_REPRESENTATION('',(#237),#241);
#237 = LINE('',#238,#239);
#238 = CARTESIAN_POINT('',(4.315770961068,15.406295184056));
#239 = VECTOR('',#240,1.);
#240 = DIRECTION('',(-0.987451480317,-0.15792268368));
#241 = ( GEOMETRIC_REPRESENTATION_CONTEXT(2) 
PARAMETRIC_REPRESENTATION_CONTEXT() REPRESENTATION_CONTEXT('2D SPACE',''
  ) );
#242 = PCURVE('',#243,#248);
#243 = PLANE('',#244);
#244 = AXIS2_PLACEMENT_3D('',#245,#246,#247);
#245 = CARTESIAN_POINT('',(2.450728198255,15.406295184056,0.));
#246 = DIRECTION('',(0.15792268368,0.987451480317,0.));
#247 = DIRECTION('',(0.987451480317,-0.15792268368,0.));
#248 = DEFINITIONAL_REPRESENTATION('',(#249),#253);
#249 = LINE('',#250,#251);
#250 = CARTESIAN_POINT('',(0.,0.));
#251 = VECTOR('',#252,1.);
#252 = DIRECTION('',(1.,0.));
#253 = ( GEOMETRIC_REPRESENTATION_CONTEXT(2) 
PARAMETRIC_REPRESENTATION_CONTEXT() REPRESENTATION_CONTEXT('2D SPACE',''
  ) );
#254 = ORIENTED_EDGE('',*,*,#255,.F.);
#255 = EDGE_CURVE('',#22,#228,#256,.T.);
#256 = SURFACE_CURVE('',#257,(#262,#273),.PCURVE_S1.);
#257 = CIRCLE('',#258,2.);
#258 = AXIS2_PLACEMENT_3D('',#259,#260,#261);
#259 = CARTESIAN_POINT('',(23.,10.094443153702,0.));
#260 = DIRECTION('',(0.,-0.,1.));
#261 = DIRECTION('',(0.,-1.,-0.));
#262 = PCURVE('',#44,#263);
#263 = DEFINITIONAL_REPRESENTATION('',(#264),#272);
#264 = ( BOUNDED_CURVE() B_SPLINE_CURVE(2,(#265,#266,#267,#268,#269,#270
,#271),.UNSPECIFIED.,.T.,.F.) B_SPLINE_CURVE_WITH_KNOTS((1,2,2,2,2,1),(
    -2.094395102393,0.,2.094395102393,4.188790204786,6.28318530718,
8.377580409573),.UNSPECIFIED.) CURVE() GEOMETRIC_REPRESENTATION_ITEM() 
RATIONAL_B_SPLINE_CURVE((1.,0.5,1.,0.5,1.,0.5,1.)) REPRESENTATION_ITEM(
  '') );
#265 = CARTESIAN_POINT('',(-16.23350084067,8.094443153702));
#266 = CARTESIAN_POINT('',(-19.69760245581,8.094443153702));
#267 = CARTESIAN_POINT('',(-17.96555164824,11.094443153702));
#268 = CARTESIAN_POINT('',(-16.23350084067,14.094443153702));
#269 = CARTESIAN_POINT('',(-14.5014500331,11.094443153702));
#270 = CARTESIAN_POINT('',(-12.76939922553,8.094443153702));
#271 = CARTESIAN_POINT('',(-16.23350084067,8.094443153702));
#272 = ( GEOMETRIC_REPRESENTATION_CONTEXT(2) 
PARAMETRIC_REPRESENTATION_CONTEXT() REPRESENTATION_CONTEXT('2D SPACE',''
  ) );
#273 = PCURVE('',#72,#274);
#274 = DEFINITIONAL_REPRESENTATION('',(#275),#279);
#275 = LINE('',#276,#277);
#276 = CARTESIAN_POINT('',(-1.570796326795,0.));
#277 = VECTOR('',#278,1.);
#278 = DIRECTION('',(1.,0.));
#279 = ( GEOMETRIC_REPRESENTATION_CONTEXT(2) 
PARAMETRIC_REPRESENTATION_CONTEXT() REPRESENTATION_CONTEXT('2D SPACE',''
  ) );
#280 = FACE_BOUND('',#281,.T.);
#281 = EDGE_LOOP('',(#282,#310,#336,#362));
#282 = ORIENTED_EDGE('',*,*,#283,.F.);
#283 = EDGE_CURVE('',#284,#286,#288,.T.);
#284 = VERTEX_POINT('',#285);
#285 = CARTESIAN_POINT('',(16.58,6.5,0.));
#286 = VERTEX_POINT('',#287);
#287 = CARTESIAN_POINT('',(24.08,6.5,0.));
#288 = SURFACE_CURVE('',#289,(#293,#299),.PCURVE_S1.);
#289 = LINE('',#290,#291);
#290 = CARTESIAN_POINT('',(11.673249579662,6.5,0.));
#291 = VECTOR('',#292,1.);
#292 = DIRECTION('',(1.,0.,-0.));
#293 = PCURVE('',#44,#294);
#294 = DEFINITIONAL_REPRESENTATION('',(#295),#298);
#295 = B_SPLINE_CURVE_WITH_KNOTS('',1,(#296,#297),.UNSPECIFIED.,.F.,.F.,
  (2,2),(4.906750420338,12.406750420338),.PIECEWISE_BEZIER_KNOTS.);
#296 = CARTESIAN_POINT('',(-9.813500840677,6.5));
#297 = CARTESIAN_POINT('',(-17.31350084067,6.5));
#298 = ( GEOMETRIC_REPRESENTATION_CONTEXT(2) 
PARAMETRIC_REPRESENTATION_CONTEXT() REPRESENTATION_CONTEXT('2D SPACE',''
  ) );
#299 = PCURVE('',#300,#305);
#300 = PLANE('',#301);
#301 = AXIS2_PLACEMENT_3D('',#302,#303,#304);
#302 = CARTESIAN_POINT('',(16.58,6.5,-1.));
#303 = DIRECTION('',(-0.,1.,0.));
#304 = DIRECTION('',(0.,0.,1.));
#305 = DEFINITIONAL_REPRESENTATION('',(#306),#309);
#306 = B_SPLINE_CURVE_WITH_KNOTS('',1,(#307,#308),.UNSPECIFIED.,.F.,.F.,
  (2,2),(4.906750420338,12.406750420338),.PIECEWISE_BEZIER_KNOTS.);
#307 = CARTESIAN_POINT('',(1.,0.));
#308 = CARTESIAN_POINT('',(1.,7.5));
#309 = ( GEOMETRIC_REPRESENTATION_CONTEXT(2) 
PARAMETRIC_REPRESENTATION_CONTEXT() REPRESENTATION_CONTEXT('2D SPACE',''
  ) );
#310 = ORIENTED_EDGE('',*,*,#311,.T.);
#311 = EDGE_CURVE('',#284,#312,#314,.T.);
#312 = VERTEX_POINT('',#313);
#313 = CARTESIAN_POINT('',(16.58,-6.5,0.));
#314 = SURFACE_CURVE('',#315,(#319,#325),.PCURVE_S1.);
#315 = LINE('',#316,#317);
#316 = CARTESIAN_POINT('',(16.58,-3.25,0.));
#317 = VECTOR('',#318,1.);
#318 = DIRECTION('',(0.,-1.,0.));
#319 = PCURVE('',#44,#320);
#320 = DEFINITIONAL_REPRESENTATION('',(#321),#324);
#321 = B_SPLINE_CURVE_WITH_KNOTS('',1,(#322,#323),.UNSPECIFIED.,.F.,.F.,
  (2,2),(-9.75,3.25),.PIECEWISE_BEZIER_KNOTS.);
#322 = CARTESIAN_POINT('',(-9.813500840677,6.5));
#323 = CARTESIAN_POINT('',(-9.813500840677,-6.5));
#324 = ( GEOMETRIC_REPRESENTATION_CONTEXT(2) 
PARAMETRIC_REPRESENTATION_CONTEXT() REPRESENTATION_CONTEXT('2D SPACE',''
  ) );
#325 = PCURVE('',#326,#331);
#326 = PLANE('',#327);
#327 = AXIS2_PLACEMENT_3D('',#328,#329,#330);
#328 = CARTESIAN_POINT('',(16.58,-6.5,-1.));
#329 = DIRECTION('',(1.,0.,-0.));
#330 = DIRECTION('',(0.,0.,1.));
#331 = DEFINITIONAL_REPRESENTATION('',(#332),#335);
#332 = B_SPLINE_CURVE_WITH_KNOTS('',1,(#333,#334),.UNSPECIFIED.,.F.,.F.,
  (2,2),(-9.75,3.25),.PIECEWISE_BEZIER_KNOTS.);
#333 = CARTESIAN_POINT('',(1.,-13.));
#334 = CARTESIAN_POINT('',(1.,0.));
#335 = ( GEOMETRIC_REPRESENTATION_CONTEXT(2) 
PARAMETRIC_REPRESENTATION_CONTEXT() REPRESENTATION_CONTEXT('2D SPACE',''
  ) );
#336 = ORIENTED_EDGE('',*,*,#337,.T.);
#337 = EDGE_CURVE('',#312,#338,#340,.T.);
#338 = VERTEX_POINT('',#339);
#339 = CARTESIAN_POINT('',(24.08,-6.5,0.));
#340 = SURFACE_CURVE('',#341,(#345,#351),.PCURVE_S1.);
#341 = LINE('',#342,#343);
#342 = CARTESIAN_POINT('',(11.673249579662,-6.5,0.));
#343 = VECTOR('',#344,1.);
#344 = DIRECTION('',(1.,0.,-0.));
#345 = PCURVE('',#44,#346);
#346 = DEFINITIONAL_REPRESENTATION('',(#347),#350);
#347 = B_SPLINE_CURVE_WITH_KNOTS('',1,(#348,#349),.UNSPECIFIED.,.F.,.F.,
  (2,2),(4.906750420338,12.406750420338),.PIECEWISE_BEZIER_KNOTS.);
#348 = CARTESIAN_POINT('',(-9.813500840677,-6.5));
#349 = CARTESIAN_POINT('',(-17.31350084067,-6.5));
#350 = ( GEOMETRIC_REPRESENTATION_CONTEXT(2) 
PARAMETRIC_REPRESENTATION_CONTEXT() REPRESENTATION_CONTEXT('2D SPACE',''
  ) );
#351 = PCURVE('',#352,#357);
#352 = PLANE('',#353);
#353 = AXIS2_PLACEMENT_3D('',#354,#355,#356);
#354 = CARTESIAN_POINT('',(16.58,-6.5,-1.));
#355 = DIRECTION('',(-0.,1.,0.));
#356 = DIRECTION('',(0.,0.,1.));
#357 = DEFINITIONAL_REPRESENTATION('',(#358),#361);
#358 = B_SPLINE_CURVE_WITH_KNOTS('',1,(#359,#360),.UNSPECIFIED.,.F.,.F.,
  (2,2),(4.906750420338,12.406750420338),.PIECEWISE_BEZIER_KNOTS.);
#359 = CARTESIAN_POINT('',(1.,0.));
#360 = CARTESIAN_POINT('',(1.,7.5));
#361 = ( GEOMETRIC_REPRESENTATION_CONTEXT(2) 
PARAMETRIC_REPRESENTATION_CONTEXT() REPRESENTATION_CONTEXT('2D SPACE',''
  ) );
#362 = ORIENTED_EDGE('',*,*,#363,.F.);
#363 = EDGE_CURVE('',#286,#338,#364,.T.);
#364 = SURFACE_CURVE('',#365,(#369,#375),.PCURVE_S1.);
#365 = LINE('',#366,#367);
#366 = CARTESIAN_POINT('',(24.08,-3.25,0.));
#367 = VECTOR('',#368,1.);
#368 = DIRECTION('',(0.,-1.,0.));
#369 = PCURVE('',#44,#370);
#370 = DEFINITIONAL_REPRESENTATION('',(#371),#374);
#371 = B_SPLINE_CURVE_WITH_KNOTS('',1,(#372,#373),.UNSPECIFIED.,.F.,.F.,
  (2,2),(-9.75,3.25),.PIECEWISE_BEZIER_KNOTS.);
#372 = CARTESIAN_POINT('',(-17.31350084067,6.5));
#373 = CARTESIAN_POINT('',(-17.31350084067,-6.5));
#374 = ( GEOMETRIC_REPRESENTATION_CONTEXT(2) 
PARAMETRIC_REPRESENTATION_CONTEXT() REPRESENTATION_CONTEXT('2D SPACE',''
  ) );
#375 = PCURVE('',#376,#381);
#376 = PLANE('',#377);
#377 = AXIS2_PLACEMENT_3D('',#378,#379,#380);
#378 = CARTESIAN_POINT('',(24.08,-6.5,-1.));
#379 = DIRECTION('',(1.,0.,-0.));
#380 = DIRECTION('',(0.,0.,1.));
#381 = DEFINITIONAL_REPRESENTATION('',(#382),#385);
#382 = B_SPLINE_CURVE_WITH_KNOTS('',1,(#383,#384),.UNSPECIFIED.,.F.,.F.,
  (2,2),(-9.75,3.25),.PIECEWISE_BEZIER_KNOTS.);
#383 = CARTESIAN_POINT('',(1.,-13.));
#384 = CARTESIAN_POINT('',(1.,0.));
#385 = ( GEOMETRIC_REPRESENTATION_CONTEXT(2) 
PARAMETRIC_REPRESENTATION_CONTEXT() REPRESENTATION_CONTEXT('2D SPACE',''
  ) );
#386 = FACE_BOUND('',#387,.T.);
#387 = EDGE_LOOP('',(#388));
#388 = ORIENTED_EDGE('',*,*,#389,.T.);
#389 = EDGE_CURVE('',#390,#390,#392,.T.);
#390 = VERTEX_POINT('',#391);
#391 = CARTESIAN_POINT('',(3.4,-8.327598234202E-16,0.));
#392 = SURFACE_CURVE('',#393,(#398,#409),.PCURVE_S1.);
#393 = CIRCLE('',#394,3.4);
#394 = AXIS2_PLACEMENT_3D('',#395,#396,#397);
#395 = CARTESIAN_POINT('',(0.,0.,0.));
#396 = DIRECTION('',(0.,0.,1.));
#397 = DIRECTION('',(1.,0.,-0.));
#398 = PCURVE('',#44,#399);
#399 = DEFINITIONAL_REPRESENTATION('',(#400),#408);
#400 = ( BOUNDED_CURVE() B_SPLINE_CURVE(2,(#401,#402,#403,#404,#405,#406
,#407),.UNSPECIFIED.,.T.,.F.) B_SPLINE_CURVE_WITH_KNOTS((1,2,2,2,2,1),(
    -2.094395102393,0.,2.094395102393,4.188790204786,6.28318530718,
8.377580409573),.UNSPECIFIED.) CURVE() GEOMETRIC_REPRESENTATION_ITEM() 
RATIONAL_B_SPLINE_CURVE((1.,0.5,1.,0.5,1.,0.5,1.)) REPRESENTATION_ITEM(
  '') );
#401 = CARTESIAN_POINT('',(3.366499159323,-4.726417709711E-16));
#402 = CARTESIAN_POINT('',(3.366499159323,5.888972745734));
#403 = CARTESIAN_POINT('',(8.466499159323,2.944486372867));
#404 = CARTESIAN_POINT('',(13.566499159323,3.601180524491E-16));
#405 = CARTESIAN_POINT('',(8.466499159323,-2.944486372867));
#406 = CARTESIAN_POINT('',(3.366499159323,-5.888972745734));
#407 = CARTESIAN_POINT('',(3.366499159323,-4.726417709711E-16));
#408 = ( GEOMETRIC_REPRESENTATION_CONTEXT(2) 
PARAMETRIC_REPRESENTATION_CONTEXT() REPRESENTATION_CONTEXT('2D SPACE',''
  ) );
#409 = PCURVE('',#410,#415);
#410 = CYLINDRICAL_SURFACE('',#411,3.4);
#411 = AXIS2_PLACEMENT_3D('',#412,#413,#414);
#412 = CARTESIAN_POINT('',(0.,0.,-1.));
#413 = DIRECTION('',(0.,0.,1.));
#414 = DIRECTION('',(1.,0.,-0.));
#415 = DEFINITIONAL_REPRESENTATION('',(#416),#420);
#416 = LINE('',#417,#418);
#417 = CARTESIAN_POINT('',(0.,1.));
#418 = VECTOR('',#419,1.);
#419 = DIRECTION('',(1.,0.));
#420 = ( GEOMETRIC_REPRESENTATION_CONTEXT(2) 
PARAMETRIC_REPRESENTATION_CONTEXT() REPRESENTATION_CONTEXT('2D SPACE',''
  ) );
#421 = ADVANCED_FACE('',(#422),#72,.T.);
#422 = FACE_BOUND('',#423,.T.);
#423 = EDGE_LOOP('',(#424,#425,#448,#474));
#424 = ORIENTED_EDGE('',*,*,#255,.T.);
#425 = ORIENTED_EDGE('',*,*,#426,.T.);
#426 = EDGE_CURVE('',#228,#427,#429,.T.);
#427 = VERTEX_POINT('',#428);
#428 = CARTESIAN_POINT('',(23.315845367359,12.069346114336,43.96));
#429 = SURFACE_CURVE('',#430,(#434,#441),.PCURVE_S1.);
#430 = LINE('',#431,#432);
#431 = CARTESIAN_POINT('',(23.315845367359,12.069346114336,0.));
#432 = VECTOR('',#433,1.);
#433 = DIRECTION('',(0.,-0.,1.));
#434 = PCURVE('',#72,#435);
#435 = DEFINITIONAL_REPRESENTATION('',(#436),#440);
#436 = LINE('',#437,#438);
#437 = CARTESIAN_POINT('',(1.412209744236,0.));
#438 = VECTOR('',#439,1.);
#439 = DIRECTION('',(0.,1.));
#440 = ( GEOMETRIC_REPRESENTATION_CONTEXT(2) 
PARAMETRIC_REPRESENTATION_CONTEXT() REPRESENTATION_CONTEXT('2D SPACE',''
  ) );
#441 = PCURVE('',#243,#442);
#442 = DEFINITIONAL_REPRESENTATION('',(#443),#447);
#443 = LINE('',#444,#445);
#444 = CARTESIAN_POINT('',(21.130270788004,0.));
#445 = VECTOR('',#446,1.);
#446 = DIRECTION('',(0.,-1.));
#447 = ( GEOMETRIC_REPRESENTATION_CONTEXT(2) 
PARAMETRIC_REPRESENTATION_CONTEXT() REPRESENTATION_CONTEXT('2D SPACE',''
  ) );
#448 = ORIENTED_EDGE('',*,*,#449,.F.);
#449 = EDGE_CURVE('',#57,#427,#450,.T.);
#450 = SURFACE_CURVE('',#451,(#456,#463),.PCURVE_S1.);
#451 = CIRCLE('',#452,2.);
#452 = AXIS2_PLACEMENT_3D('',#453,#454,#455);
#453 = CARTESIAN_POINT('',(23.,10.094443153702,43.96));
#454 = DIRECTION('',(0.,-0.,1.));
#455 = DIRECTION('',(0.,-1.,-0.));
#456 = PCURVE('',#72,#457);
#457 = DEFINITIONAL_REPRESENTATION('',(#458),#462);
#458 = LINE('',#459,#460);
#459 = CARTESIAN_POINT('',(-1.570796326795,43.96));
#460 = VECTOR('',#461,1.);
#461 = DIRECTION('',(1.,0.));
#462 = ( GEOMETRIC_REPRESENTATION_CONTEXT(2) 
PARAMETRIC_REPRESENTATION_CONTEXT() REPRESENTATION_CONTEXT('2D SPACE',''
  ) );
#463 = PCURVE('',#100,#464);
#464 = DEFINITIONAL_REPRESENTATION('',(#465),#473);
#465 = ( BOUNDED_CURVE() B_SPLINE_CURVE(2,(#466,#467,#468,#469,#470,#471
,#472),.UNSPECIFIED.,.T.,.F.) B_SPLINE_CURVE_WITH_KNOTS((1,2,2,2,2,1),(
    -2.094395102393,0.,2.094395102393,4.188790204786,6.28318530718,
8.377580409573),.UNSPECIFIED.) CURVE() GEOMETRIC_REPRESENTATION_ITEM() 
RATIONAL_B_SPLINE_CURVE((1.,0.5,1.,0.5,1.,0.5,1.)) REPRESENTATION_ITEM(
  '') );
#466 = CARTESIAN_POINT('',(-16.23350084067,8.094443153702));
#467 = CARTESIAN_POINT('',(-19.69760245581,8.094443153702));
#468 = CARTESIAN_POINT('',(-17.96555164824,11.094443153702));
#469 = CARTESIAN_POINT('',(-16.23350084067,14.094443153702));
#470 = CARTESIAN_POINT('',(-14.5014500331,11.094443153702));
#471 = CARTESIAN_POINT('',(-12.76939922553,8.094443153702));
#472 = CARTESIAN_POINT('',(-16.23350084067,8.094443153702));
#473 = ( GEOMETRIC_REPRESENTATION_CONTEXT(2) 
PARAMETRIC_REPRESENTATION_CONTEXT() REPRESENTATION_CONTEXT('2D SPACE',''
  ) );
#474 = ORIENTED_EDGE('',*,*,#56,.F.);
#475 = ADVANCED_FACE('',(#476),#126,.T.);
#476 = FACE_BOUND('',#477,.F.);
#477 = EDGE_LOOP('',(#478,#479,#502,#524));
#478 = ORIENTED_EDGE('',*,*,#142,.T.);
#479 = ORIENTED_EDGE('',*,*,#480,.T.);
#480 = EDGE_CURVE('',#143,#481,#483,.T.);
#481 = VERTEX_POINT('',#482);
#482 = CARTESIAN_POINT('',(23.315845367359,-12.06934611433,43.96));
#483 = SURFACE_CURVE('',#484,(#488,#495),.PCURVE_S1.);
#484 = LINE('',#485,#486);
#485 = CARTESIAN_POINT('',(23.315845367359,-12.06934611433,0.));
#486 = VECTOR('',#487,1.);
#487 = DIRECTION('',(0.,-0.,1.));
#488 = PCURVE('',#126,#489);
#489 = DEFINITIONAL_REPRESENTATION('',(#490),#494);
#490 = LINE('',#491,#492);
#491 = CARTESIAN_POINT('',(-1.412209744236,0.));
#492 = VECTOR('',#493,1.);
#493 = DIRECTION('',(-0.,1.));
#494 = ( GEOMETRIC_REPRESENTATION_CONTEXT(2) 
PARAMETRIC_REPRESENTATION_CONTEXT() REPRESENTATION_CONTEXT('2D SPACE',''
  ) );
#495 = PCURVE('',#182,#496);
#496 = DEFINITIONAL_REPRESENTATION('',(#497),#501);
#497 = LINE('',#498,#499);
#498 = CARTESIAN_POINT('',(21.130270788004,0.));
#499 = VECTOR('',#500,1.);
#500 = DIRECTION('',(0.,-1.));
#501 = ( GEOMETRIC_REPRESENTATION_CONTEXT(2) 
PARAMETRIC_REPRESENTATION_CONTEXT() REPRESENTATION_CONTEXT('2D SPACE',''
  ) );
#502 = ORIENTED_EDGE('',*,*,#503,.F.);
#503 = EDGE_CURVE('',#85,#481,#504,.T.);
#504 = SURFACE_CURVE('',#505,(#510,#517),.PCURVE_S1.);
#505 = CIRCLE('',#506,2.);
#506 = AXIS2_PLACEMENT_3D('',#507,#508,#509);
#507 = CARTESIAN_POINT('',(23.,-10.0944431537,43.96));
#508 = DIRECTION('',(-0.,0.,-1.));
#509 = DIRECTION('',(0.,-1.,-0.));
#510 = PCURVE('',#126,#511);
#511 = DEFINITIONAL_REPRESENTATION('',(#512),#516);
#512 = LINE('',#513,#514);
#513 = CARTESIAN_POINT('',(4.712388980385,43.96));
#514 = VECTOR('',#515,1.);
#515 = DIRECTION('',(-1.,0.));
#516 = ( GEOMETRIC_REPRESENTATION_CONTEXT(2) 
PARAMETRIC_REPRESENTATION_CONTEXT() REPRESENTATION_CONTEXT('2D SPACE',''
  ) );
#517 = PCURVE('',#100,#518);
#518 = DEFINITIONAL_REPRESENTATION('',(#519),#523);
#519 = CIRCLE('',#520,2.);
#520 = AXIS2_PLACEMENT_2D('',#521,#522);
#521 = CARTESIAN_POINT('',(-16.23350084067,-10.0944431537));
#522 = DIRECTION('',(-0.,-1.));
#523 = ( GEOMETRIC_REPRESENTATION_CONTEXT(2) 
PARAMETRIC_REPRESENTATION_CONTEXT() REPRESENTATION_CONTEXT('2D SPACE',''
  ) );
#524 = ORIENTED_EDGE('',*,*,#112,.F.);
#525 = ADVANCED_FACE('',(#526,#603,#709),#100,.F.);
#526 = FACE_BOUND('',#527,.F.);
#527 = EDGE_LOOP('',(#528,#529,#530,#553,#581,#602));
#528 = ORIENTED_EDGE('',*,*,#84,.T.);
#529 = ORIENTED_EDGE('',*,*,#503,.T.);
#530 = ORIENTED_EDGE('',*,*,#531,.F.);
#531 = EDGE_CURVE('',#532,#481,#534,.T.);
#532 = VERTEX_POINT('',#533);
#533 = CARTESIAN_POINT('',(2.450728198255,-15.40629518405,43.96));
#534 = SURFACE_CURVE('',#535,(#539,#546),.PCURVE_S1.);
#535 = LINE('',#536,#537);
#536 = CARTESIAN_POINT('',(2.450728198255,-15.40629518405,43.96));
#537 = VECTOR('',#538,1.);
#538 = DIRECTION('',(0.987451480317,0.15792268368,0.));
#539 = PCURVE('',#100,#540);
#540 = DEFINITIONAL_REPRESENTATION('',(#541),#545);
#541 = LINE('',#542,#543);
#542 = CARTESIAN_POINT('',(4.315770961068,-15.40629518405));
#543 = VECTOR('',#544,1.);
#544 = DIRECTION('',(-0.987451480317,0.15792268368));
#545 = ( GEOMETRIC_REPRESENTATION_CONTEXT(2) 
PARAMETRIC_REPRESENTATION_CONTEXT() REPRESENTATION_CONTEXT('2D SPACE',''
  ) );
#546 = PCURVE('',#182,#547);
#547 = DEFINITIONAL_REPRESENTATION('',(#548),#552);
#548 = LINE('',#549,#550);
#549 = CARTESIAN_POINT('',(0.,-43.96));
#550 = VECTOR('',#551,1.);
#551 = DIRECTION('',(1.,0.));
#552 = ( GEOMETRIC_REPRESENTATION_CONTEXT(2) 
PARAMETRIC_REPRESENTATION_CONTEXT() REPRESENTATION_CONTEXT('2D SPACE',''
  ) );
#553 = ORIENTED_EDGE('',*,*,#554,.F.);
#554 = EDGE_CURVE('',#555,#532,#557,.T.);
#555 = VERTEX_POINT('',#556);
#556 = CARTESIAN_POINT('',(2.450728198255,15.406295184056,43.96));
#557 = SURFACE_CURVE('',#558,(#563,#574),.PCURVE_S1.);
#558 = CIRCLE('',#559,15.6);
#559 = AXIS2_PLACEMENT_3D('',#560,#561,#562);
#560 = CARTESIAN_POINT('',(0.,0.,43.96));
#561 = DIRECTION('',(0.,0.,1.));
#562 = DIRECTION('',(1.,0.,-0.));
#563 = PCURVE('',#100,#564);
#564 = DEFINITIONAL_REPRESENTATION('',(#565),#573);
#565 = ( BOUNDED_CURVE() B_SPLINE_CURVE(2,(#566,#567,#568,#569,#570,#571
,#572),.UNSPECIFIED.,.T.,.F.) B_SPLINE_CURVE_WITH_KNOTS((1,2,2,2,2,1),(
    -2.094395102393,0.,2.094395102393,4.188790204786,6.28318530718,
8.377580409573),.UNSPECIFIED.) CURVE() GEOMETRIC_REPRESENTATION_ITEM() 
RATIONAL_B_SPLINE_CURVE((1.,0.5,1.,0.5,1.,0.5,1.)) REPRESENTATION_ITEM(
  '') );
#566 = CARTESIAN_POINT('',(-8.833500840677,-4.726417709711E-16));
#567 = CARTESIAN_POINT('',(-8.833500840677,27.019992598074));
#568 = CARTESIAN_POINT('',(14.566499159323,13.509996299037));
#569 = CARTESIAN_POINT('',(37.966499159323,3.348256242369E-15));
#570 = CARTESIAN_POINT('',(14.566499159323,-13.50999629903));
#571 = CARTESIAN_POINT('',(-8.833500840677,-27.01999259807));
#572 = CARTESIAN_POINT('',(-8.833500840677,-4.726417709711E-16));
#573 = ( GEOMETRIC_REPRESENTATION_CONTEXT(2) 
PARAMETRIC_REPRESENTATION_CONTEXT() REPRESENTATION_CONTEXT('2D SPACE',''
  ) );
#574 = PCURVE('',#215,#575);
#575 = DEFINITIONAL_REPRESENTATION('',(#576),#580);
#576 = LINE('',#577,#578);
#577 = CARTESIAN_POINT('',(-0.,-43.96));
#578 = VECTOR('',#579,1.);
#579 = DIRECTION('',(-1.,0.));
#580 = ( GEOMETRIC_REPRESENTATION_CONTEXT(2) 
PARAMETRIC_REPRESENTATION_CONTEXT() REPRESENTATION_CONTEXT('2D SPACE',''
  ) );
#581 = ORIENTED_EDGE('',*,*,#582,.T.);
#582 = EDGE_CURVE('',#555,#427,#583,.T.);
#583 = SURFACE_CURVE('',#584,(#588,#595),.PCURVE_S1.);
#584 = LINE('',#585,#586);
#585 = CARTESIAN_POINT('',(2.450728198255,15.406295184056,43.96));
#586 = VECTOR('',#587,1.);
#587 = DIRECTION('',(0.987451480317,-0.15792268368,0.));
#588 = PCURVE('',#100,#589);
#589 = DEFINITIONAL_REPRESENTATION('',(#590),#594);
#590 = LINE('',#591,#592);
#591 = CARTESIAN_POINT('',(4.315770961068,15.406295184056));
#592 = VECTOR('',#593,1.);
#593 = DIRECTION('',(-0.987451480317,-0.15792268368));
#594 = ( GEOMETRIC_REPRESENTATION_CONTEXT(2) 
PARAMETRIC_REPRESENTATION_CONTEXT() REPRESENTATION_CONTEXT('2D SPACE',''
  ) );
#595 = PCURVE('',#243,#596);
#596 = DEFINITIONAL_REPRESENTATION('',(#597),#601);
#597 = LINE('',#598,#599);
#598 = CARTESIAN_POINT('',(0.,-43.96));
#599 = VECTOR('',#600,1.);
#600 = DIRECTION('',(1.,0.));
#601 = ( GEOMETRIC_REPRESENTATION_CONTEXT(2) 
PARAMETRIC_REPRESENTATION_CONTEXT() REPRESENTATION_CONTEXT('2D SPACE',''
  ) );
#602 = ORIENTED_EDGE('',*,*,#449,.F.);
#603 = FACE_BOUND('',#604,.F.);
#604 = EDGE_LOOP('',(#605,#633,#659,#685));
#605 = ORIENTED_EDGE('',*,*,#606,.F.);
#606 = EDGE_CURVE('',#607,#609,#611,.T.);
#607 = VERTEX_POINT('',#608);
#608 = CARTESIAN_POINT('',(14.8,9.4,43.96));
#609 = VERTEX_POINT('',#610);
#610 = CARTESIAN_POINT('',(22.6,9.4,43.96));
#611 = SURFACE_CURVE('',#612,(#616,#622),.PCURVE_S1.);
#612 = LINE('',#613,#614);
#613 = CARTESIAN_POINT('',(10.783249579662,9.4,43.96));
#614 = VECTOR('',#615,1.);
#615 = DIRECTION('',(1.,0.,-0.));
#616 = PCURVE('',#100,#617);
#617 = DEFINITIONAL_REPRESENTATION('',(#618),#621);
#618 = B_SPLINE_CURVE_WITH_KNOTS('',1,(#619,#620),.UNSPECIFIED.,.F.,.F.,
  (2,2),(4.016750420338,11.816750420338),.PIECEWISE_BEZIER_KNOTS.);
#619 = CARTESIAN_POINT('',(-8.033500840677,9.4));
#620 = CARTESIAN_POINT('',(-15.83350084067,9.4));
#621 = ( GEOMETRIC_REPRESENTATION_CONTEXT(2) 
PARAMETRIC_REPRESENTATION_CONTEXT() REPRESENTATION_CONTEXT('2D SPACE',''
  ) );
#622 = PCURVE('',#623,#628);
#623 = PLANE('',#624);
#624 = AXIS2_PLACEMENT_3D('',#625,#626,#627);
#625 = CARTESIAN_POINT('',(14.8,9.4,2.4));
#626 = DIRECTION('',(-0.,1.,0.));
#627 = DIRECTION('',(0.,0.,1.));
#628 = DEFINITIONAL_REPRESENTATION('',(#629),#632);
#629 = B_SPLINE_CURVE_WITH_KNOTS('',1,(#630,#631),.UNSPECIFIED.,.F.,.F.,
  (2,2),(4.016750420338,11.816750420338),.PIECEWISE_BEZIER_KNOTS.);
#630 = CARTESIAN_POINT('',(41.56,0.));
#631 = CARTESIAN_POINT('',(41.56,7.8));
#632 = ( GEOMETRIC_REPRESENTATION_CONTEXT(2) 
PARAMETRIC_REPRESENTATION_CONTEXT() REPRESENTATION_CONTEXT('2D SPACE',''
  ) );
#633 = ORIENTED_EDGE('',*,*,#634,.T.);
#634 = EDGE_CURVE('',#607,#635,#637,.T.);
#635 = VERTEX_POINT('',#636);
#636 = CARTESIAN_POINT('',(14.8,-9.4,43.96));
#637 = SURFACE_CURVE('',#638,(#642,#648),.PCURVE_S1.);
#638 = LINE('',#639,#640);
#639 = CARTESIAN_POINT('',(14.8,-4.7,43.96));
#640 = VECTOR('',#641,1.);
#641 = DIRECTION('',(0.,-1.,0.));
#642 = PCURVE('',#100,#643);
#643 = DEFINITIONAL_REPRESENTATION('',(#644),#647);
#644 = B_SPLINE_CURVE_WITH_KNOTS('',1,(#645,#646),.UNSPECIFIED.,.F.,.F.,
  (2,2),(-14.1,4.7),.PIECEWISE_BEZIER_KNOTS.);
#645 = CARTESIAN_POINT('',(-8.033500840677,9.4));
#646 = CARTESIAN_POINT('',(-8.033500840677,-9.4));
#647 = ( GEOMETRIC_REPRESENTATION_CONTEXT(2) 
PARAMETRIC_REPRESENTATION_CONTEXT() REPRESENTATION_CONTEXT('2D SPACE',''
  ) );
#648 = PCURVE('',#649,#654);
#649 = PLANE('',#650);
#650 = AXIS2_PLACEMENT_3D('',#651,#652,#653);
#651 = CARTESIAN_POINT('',(14.8,-9.4,2.4));
#652 = DIRECTION('',(1.,0.,-0.));
#653 = DIRECTION('',(0.,0.,1.));
#654 = DEFINITIONAL_REPRESENTATION('',(#655),#658);
#655 = B_SPLINE_CURVE_WITH_KNOTS('',1,(#656,#657),.UNSPECIFIED.,.F.,.F.,
  (2,2),(-14.1,4.7),.PIECEWISE_BEZIER_KNOTS.);
#656 = CARTESIAN_POINT('',(41.56,-18.8));
#657 = CARTESIAN_POINT('',(41.56,0.));
#658 = ( GEOMETRIC_REPRESENTATION_CONTEXT(2) 
PARAMETRIC_REPRESENTATION_CONTEXT() REPRESENTATION_CONTEXT('2D SPACE',''
  ) );
#659 = ORIENTED_EDGE('',*,*,#660,.T.);
#660 = EDGE_CURVE('',#635,#661,#663,.T.);
#661 = VERTEX_POINT('',#662);
#662 = CARTESIAN_POINT('',(22.6,-9.4,43.96));
#663 = SURFACE_CURVE('',#664,(#668,#674),.PCURVE_S1.);
#664 = LINE('',#665,#666);
#665 = CARTESIAN_POINT('',(10.783249579662,-9.4,43.96));
#666 = VECTOR('',#667,1.);
#667 = DIRECTION('',(1.,0.,-0.));
#668 = PCURVE('',#100,#669);
#669 = DEFINITIONAL_REPRESENTATION('',(#670),#673);
#670 = B_SPLINE_CURVE_WITH_KNOTS('',1,(#671,#672),.UNSPECIFIED.,.F.,.F.,
  (2,2),(4.016750420338,11.816750420338),.PIECEWISE_BEZIER_KNOTS.);
#671 = CARTESIAN_POINT('',(-8.033500840677,-9.4));
#672 = CARTESIAN_POINT('',(-15.83350084067,-9.4));
#673 = ( GEOMETRIC_REPRESENTATION_CONTEXT(2) 
PARAMETRIC_REPRESENTATION_CONTEXT() REPRESENTATION_CONTEXT('2D SPACE',''
  ) );
#674 = PCURVE('',#675,#680);
#675 = PLANE('',#676);
#676 = AXIS2_PLACEMENT_3D('',#677,#678,#679);
#677 = CARTESIAN_POINT('',(14.8,-9.4,2.4));
#678 = DIRECTION('',(-0.,1.,0.));
#679 = DIRECTION('',(0.,0.,1.));
#680 = DEFINITIONAL_REPRESENTATION('',(#681),#684);
#681 = B_SPLINE_CURVE_WITH_KNOTS('',1,(#682,#683),.UNSPECIFIED.,.F.,.F.,
  (2,2),(4.016750420338,11.816750420338),.PIECEWISE_BEZIER_KNOTS.);
#682 = CARTESIAN_POINT('',(41.56,0.));
#683 = CARTESIAN_POINT('',(41.56,7.8));
#684 = ( GEOMETRIC_REPRESENTATION_CONTEXT(2) 
PARAMETRIC_REPRESENTATION_CONTEXT() REPRESENTATION_CONTEXT('2D SPACE',''
  ) );
#685 = ORIENTED_EDGE('',*,*,#686,.F.);
#686 = EDGE_CURVE('',#609,#661,#687,.T.);
#687 = SURFACE_CURVE('',#688,(#692,#698),.PCURVE_S1.);
#688 = LINE('',#689,#690);
#689 = CARTESIAN_POINT('',(22.6,-4.7,43.96));
#690 = VECTOR('',#691,1.);
#691 = DIRECTION('',(0.,-1.,0.));
#692 = PCURVE('',#100,#693);
#693 = DEFINITIONAL_REPRESENTATION('',(#694),#697);
#694 = B_SPLINE_CURVE_WITH_KNOTS('',1,(#695,#696),.UNSPECIFIED.,.F.,.F.,
  (2,2),(-14.1,4.7),.PIECEWISE_BEZIER_KNOTS.);
#695 = CARTESIAN_POINT('',(-15.83350084067,9.4));
#696 = CARTESIAN_POINT('',(-15.83350084067,-9.4));
#697 = ( GEOMETRIC_REPRESENTATION_CONTEXT(2) 
PARAMETRIC_REPRESENTATION_CONTEXT() REPRESENTATION_CONTEXT('2D SPACE',''
  ) );
#698 = PCURVE('',#699,#704);
#699 = PLANE('',#700);
#700 = AXIS2_PLACEMENT_3D('',#701,#702,#703);
#701 = CARTESIAN_POINT('',(22.6,-9.4,2.4));
#702 = DIRECTION('',(1.,0.,-0.));
#703 = DIRECTION('',(0.,0.,1.));
#704 = DEFINITIONAL_REPRESENTATION('',(#705),#708);
#705 = B_SPLINE_CURVE_WITH_KNOTS('',1,(#706,#707),.UNSPECIFIED.,.F.,.F.,
  (2,2),(-14.1,4.7),.PIECEWISE_BEZIER_KNOTS.);
#706 = CARTESIAN_POINT('',(41.56,-18.8));
#707 = CARTESIAN_POINT('',(41.56,0.));
#708 = ( GEOMETRIC_REPRESENTATION_CONTEXT(2) 
PARAMETRIC_REPRESENTATION_CONTEXT() REPRESENTATION_CONTEXT('2D SPACE',''
  ) );
#709 = FACE_BOUND('',#710,.F.);
#710 = EDGE_LOOP('',(#711));
#711 = ORIENTED_EDGE('',*,*,#712,.T.);
#712 = EDGE_CURVE('',#713,#713,#715,.T.);
#713 = VERTEX_POINT('',#714);
#714 = CARTESIAN_POINT('',(13.2,-3.233067549749E-15,43.96));
#715 = SURFACE_CURVE('',#716,(#721,#732),.PCURVE_S1.);
#716 = CIRCLE('',#717,13.2);
#717 = AXIS2_PLACEMENT_3D('',#718,#719,#720);
#718 = CARTESIAN_POINT('',(0.,0.,43.96));
#719 = DIRECTION('',(0.,0.,1.));
#720 = DIRECTION('',(1.,0.,-0.));
#721 = PCURVE('',#100,#722);
#722 = DEFINITIONAL_REPRESENTATION('',(#723),#731);
#723 = ( BOUNDED_CURVE() B_SPLINE_CURVE(2,(#724,#725,#726,#727,#728,#729
,#730),.UNSPECIFIED.,.T.,.F.) B_SPLINE_CURVE_WITH_KNOTS((1,2,2,2,2,1),(
    -2.094395102393,0.,2.094395102393,4.188790204786,6.28318530718,
8.377580409573),.UNSPECIFIED.) CURVE() GEOMETRIC_REPRESENTATION_ITEM() 
RATIONAL_B_SPLINE_CURVE((1.,0.5,1.,0.5,1.,0.5,1.)) REPRESENTATION_ITEM(
  '') );
#724 = CARTESIAN_POINT('',(-6.433500840677,-4.726417709711E-16));
#725 = CARTESIAN_POINT('',(-6.433500840677,22.863070659909));
#726 = CARTESIAN_POINT('',(13.366499159323,11.431535329955));
#727 = CARTESIAN_POINT('',(33.166499159323,2.760425778778E-15));
#728 = CARTESIAN_POINT('',(13.366499159323,-11.43153532995));
#729 = CARTESIAN_POINT('',(-6.433500840677,-22.8630706599));
#730 = CARTESIAN_POINT('',(-6.433500840677,-4.726417709711E-16));
#731 = ( GEOMETRIC_REPRESENTATION_CONTEXT(2) 
PARAMETRIC_REPRESENTATION_CONTEXT() REPRESENTATION_CONTEXT('2D SPACE',''
  ) );
#732 = PCURVE('',#733,#738);
#733 = CYLINDRICAL_SURFACE('',#734,13.2);
#734 = AXIS2_PLACEMENT_3D('',#735,#736,#737);
#735 = CARTESIAN_POINT('',(0.,0.,13.96));
#736 = DIRECTION('',(0.,0.,1.));
#737 = DIRECTION('',(1.,0.,-0.));
#738 = DEFINITIONAL_REPRESENTATION('',(#739),#743);
#739 = LINE('',#740,#741);
#740 = CARTESIAN_POINT('',(0.,30.));
#741 = VECTOR('',#742,1.);
#742 = DIRECTION('',(1.,0.));
#743 = ( GEOMETRIC_REPRESENTATION_CONTEXT(2) 
PARAMETRIC_REPRESENTATION_CONTEXT() REPRESENTATION_CONTEXT('2D SPACE',''
  ) );
#744 = ADVANCED_FACE('',(#745),#243,.T.);
#745 = FACE_BOUND('',#746,.T.);
#746 = EDGE_LOOP('',(#747,#748,#769,#770));
#747 = ORIENTED_EDGE('',*,*,#227,.F.);
#748 = ORIENTED_EDGE('',*,*,#749,.T.);
#749 = EDGE_CURVE('',#195,#555,#750,.T.);
#750 = SURFACE_CURVE('',#751,(#755,#762),.PCURVE_S1.);
#751 = LINE('',#752,#753);
#752 = CARTESIAN_POINT('',(2.450728198255,15.406295184056,0.));
#753 = VECTOR('',#754,1.);
#754 = DIRECTION('',(0.,-0.,1.));
#755 = PCURVE('',#243,#756);
#756 = DEFINITIONAL_REPRESENTATION('',(#757),#761);
#757 = LINE('',#758,#759);
#758 = CARTESIAN_POINT('',(0.,0.));
#759 = VECTOR('',#760,1.);
#760 = DIRECTION('',(0.,-1.));
#761 = ( GEOMETRIC_REPRESENTATION_CONTEXT(2) 
PARAMETRIC_REPRESENTATION_CONTEXT() REPRESENTATION_CONTEXT('2D SPACE',''
  ) );
#762 = PCURVE('',#215,#763);
#763 = DEFINITIONAL_REPRESENTATION('',(#764),#768);
#764 = LINE('',#765,#766);
#765 = CARTESIAN_POINT('',(-1.413044891372,0.));
#766 = VECTOR('',#767,1.);
#767 = DIRECTION('',(-0.,-1.));
#768 = ( GEOMETRIC_REPRESENTATION_CONTEXT(2) 
PARAMETRIC_REPRESENTATION_CONTEXT() REPRESENTATION_CONTEXT('2D SPACE',''
  ) );
#769 = ORIENTED_EDGE('',*,*,#582,.T.);
#770 = ORIENTED_EDGE('',*,*,#426,.F.);
#771 = ADVANCED_FACE('',(#772),#182,.F.);
#772 = FACE_BOUND('',#773,.F.);
#773 = EDGE_LOOP('',(#774,#775,#796,#797));
#774 = ORIENTED_EDGE('',*,*,#166,.F.);
#775 = ORIENTED_EDGE('',*,*,#776,.T.);
#776 = EDGE_CURVE('',#167,#532,#777,.T.);
#777 = SURFACE_CURVE('',#778,(#782,#789),.PCURVE_S1.);
#778 = LINE('',#779,#780);
#779 = CARTESIAN_POINT('',(2.450728198255,-15.40629518405,0.));
#780 = VECTOR('',#781,1.);
#781 = DIRECTION('',(0.,-0.,1.));
#782 = PCURVE('',#182,#783);
#783 = DEFINITIONAL_REPRESENTATION('',(#784),#788);
#784 = LINE('',#785,#786);
#785 = CARTESIAN_POINT('',(0.,0.));
#786 = VECTOR('',#787,1.);
#787 = DIRECTION('',(0.,-1.));
#788 = ( GEOMETRIC_REPRESENTATION_CONTEXT(2) 
PARAMETRIC_REPRESENTATION_CONTEXT() REPRESENTATION_CONTEXT('2D SPACE',''
  ) );
#789 = PCURVE('',#215,#790);
#790 = DEFINITIONAL_REPRESENTATION('',(#791),#795);
#791 = LINE('',#792,#793);
#792 = CARTESIAN_POINT('',(-4.870140415808,0.));
#793 = VECTOR('',#794,1.);
#794 = DIRECTION('',(-0.,-1.));
#795 = ( GEOMETRIC_REPRESENTATION_CONTEXT(2) 
PARAMETRIC_REPRESENTATION_CONTEXT() REPRESENTATION_CONTEXT('2D SPACE',''
  ) );
#796 = ORIENTED_EDGE('',*,*,#531,.T.);
#797 = ORIENTED_EDGE('',*,*,#480,.F.);
#798 = ADVANCED_FACE('',(#799,#805),#215,.T.);
#799 = FACE_BOUND('',#800,.F.);
#800 = EDGE_LOOP('',(#801,#802,#803,#804));
#801 = ORIENTED_EDGE('',*,*,#749,.T.);
#802 = ORIENTED_EDGE('',*,*,#554,.T.);
#803 = ORIENTED_EDGE('',*,*,#776,.F.);
#804 = ORIENTED_EDGE('',*,*,#194,.F.);
#805 = FACE_BOUND('',#806,.F.);
#806 = EDGE_LOOP('',(#807));
#807 = ORIENTED_EDGE('',*,*,#808,.F.);
#808 = EDGE_CURVE('',#809,#809,#811,.T.);
#809 = VERTEX_POINT('',#810);
#810 = CARTESIAN_POINT('',(-15.6,-3.184081677783E-16,27.66));
#811 = SURFACE_CURVE('',#812,(#869,#929),.PCURVE_S1.);
#812 = B_SPLINE_CURVE_WITH_KNOTS('',7,(#813,#814,#815,#816,#817,#818,
    #819,#820,#821,#822,#823,#824,#825,#826,#827,#828,#829,#830,#831,
    #832,#833,#834,#835,#836,#837,#838,#839,#840,#841,#842,#843,#844,
    #845,#846,#847,#848,#849,#850,#851,#852,#853,#854,#855,#856,#857,
    #858,#859,#860,#861,#862,#863,#864,#865,#866,#867,#868),
  .UNSPECIFIED.,.T.,.F.,(8,6,6,6,6,6,6,6,6,8),(0.,0.134490375694,
    0.249007292915,0.363523079219,0.472698584299,0.589516025358,
    0.666683387006,0.749881504082,0.864930103238,1.),.UNSPECIFIED.);
#813 = CARTESIAN_POINT('',(-15.6,8.881784197001E-16,27.66));
#814 = CARTESIAN_POINT('',(-15.6,0.183374979038,27.66));
#815 = CARTESIAN_POINT('',(-15.59748515257,0.36238716461,27.690177299827
    ));
#816 = CARTESIAN_POINT('',(-15.59267126259,0.531271136838,
    27.747948791195));
#817 = CARTESIAN_POINT('',(-15.58623628278,0.685153336731,
    27.829536991274));
#818 = CARTESIAN_POINT('',(-15.57915091323,0.820272860233,
    27.930041655154));
#819 = CARTESIAN_POINT('',(-15.57227068621,0.934366883777,
    28.043539143434));
#820 = CARTESIAN_POINT('',(-15.56092827277,1.10624907506,28.265128329218
    ));
#821 = CARTESIAN_POINT('',(-15.55615459665,1.171459872641,
    28.373552097446));
#822 = CARTESIAN_POINT('',(-15.55209866597,1.223154026866,
    28.486645571983));
#823 = CARTESIAN_POINT('',(-15.54894554649,1.261652484454,
    28.602959216005));
#824 = CARTESIAN_POINT('',(-15.54680799111,1.287217206272,
    28.721308147948));
#825 = CARTESIAN_POINT('',(-15.54573896603,1.3,28.840653856295));
#826 = CARTESIAN_POINT('',(-15.54573896603,1.3,29.079344965096));
#827 = CARTESIAN_POINT('',(-15.54680798131,1.287217438485,
    29.198690094271));
#828 = CARTESIAN_POINT('',(-15.54894549615,1.261652997657,
    29.317039537748));
#829 = CARTESIAN_POINT('',(-15.55209863623,1.223154372232,
    29.433354553225));
#830 = CARTESIAN_POINT('',(-15.55615465384,1.171459330185,
    29.546449461477));
#831 = CARTESIAN_POINT('',(-15.56092837075,1.106247590237,
    29.654873585004));
#832 = CARTESIAN_POINT('',(-15.57111753621,0.95184164346,29.85393253213)
  );
#833 = CARTESIAN_POINT('',(-15.57653941861,0.863197760737,
    29.946075182106));
#834 = CARTESIAN_POINT('',(-15.58213425343,0.761364674273,
    30.030375476292));
#835 = CARTESIAN_POINT('',(-15.58751583406,0.647032372367,
    30.104117120366));
#836 = CARTESIAN_POINT('',(-15.59223829886,0.52140905673,30.164724508467
    ));
#837 = CARTESIAN_POINT('',(-15.59587104784,0.386193354234,
    30.209771470299));
#838 = CARTESIAN_POINT('',(-15.6004808259,9.101668485307E-02,
    30.266079431441));
#839 = CARTESIAN_POINT('',(-15.60120268395,-6.674320574084E-02,
    30.274130600472));
#840 = CARTESIAN_POINT('',(-15.59997698236,-0.224801081003,
    30.259609706824));
#841 = CARTESIAN_POINT('',(-15.59682743959,-0.377927605045,
    30.22294552043));
#842 = CARTESIAN_POINT('',(-15.59222139256,-0.521237924361,
    30.166412983618));
#843 = CARTESIAN_POINT('',(-15.58683327149,-0.650774110797,
    30.094073303131));
#844 = CARTESIAN_POINT('',(-15.57760271212,-0.838995495985,
    29.957322462112));
#845 = CARTESIAN_POINT('',(-15.57381146293,-0.907722761961,
    29.897887578933));
#846 = CARTESIAN_POINT('',(-15.57002876409,-0.97022447826,
    29.834218021511));
#847 = CARTESIAN_POINT('',(-15.56636654543,-1.026487768517,
    29.767019203197));
#848 = CARTESIAN_POINT('',(-15.56291780526,-1.07654522167,
    29.696917073673));
#849 = CARTESIAN_POINT('',(-15.55975617675,-1.120458945751,
    29.624471546042));
#850 = CARTESIAN_POINT('',(-15.55389968004,-1.199116020212,
    29.470098345374));
#851 = CARTESIAN_POINT('',(-15.55125675758,-1.232926473721,
    29.38777019143));
#852 = CARTESIAN_POINT('',(-15.54907921802,-1.259838078647,
    29.303766110853));
#853 = CARTESIAN_POINT('',(-15.54741614744,-1.279942966273,
    29.218573044268));
#854 = CARTESIAN_POINT('',(-15.54629802493,-1.293315397859,
    29.132621492822));
#855 = CARTESIAN_POINT('',(-15.54573896603,-1.3,29.046305061092));
#856 = CARTESIAN_POINT('',(-15.54573896603,-1.3,28.840655034904));
#857 = CARTESIAN_POINT('',(-15.54680798131,-1.287217438485,
    28.721309905729));
#858 = CARTESIAN_POINT('',(-15.54894549615,-1.261652997657,
    28.602960462252));
#859 = CARTESIAN_POINT('',(-15.55209863623,-1.223154372232,
    28.486645446775));
#860 = CARTESIAN_POINT('',(-15.55615465384,-1.171459330185,
    28.373550538523));
#861 = CARTESIAN_POINT('',(-15.56092837075,-1.106247590237,
    28.265126414996));
#862 = CARTESIAN_POINT('',(-15.57226853567,-0.934399472839,28.043581157)
  );
#863 = CARTESIAN_POINT('',(-15.57914919275,-0.820305812988,
    27.930060526154));
#864 = CARTESIAN_POINT('',(-15.58623710085,-0.685152258549,
    27.829519584249));
#865 = CARTESIAN_POINT('',(-15.5926742163,-0.531220055469,
    27.747913435669));
#866 = CARTESIAN_POINT('',(-15.59748725386,-0.362300139265,
    27.690152074919));
#867 = CARTESIAN_POINT('',(-15.6,-0.183298306689,27.66));
#868 = CARTESIAN_POINT('',(-15.6,8.881784197001E-16,27.66));
#869 = PCURVE('',#215,#870);
#870 = DEFINITIONAL_REPRESENTATION('',(#871),#928);
#871 = B_SPLINE_CURVE_WITH_KNOTS('',7,(#872,#873,#874,#875,#876,#877,
    #878,#879,#880,#881,#882,#883,#884,#885,#886,#887,#888,#889,#890,
    #891,#892,#893,#894,#895,#896,#897,#898,#899,#900,#901,#902,#903,
    #904,#905,#906,#907,#908,#909,#910,#911,#912,#913,#914,#915,#916,
    #917,#918,#919,#920,#921,#922,#923,#924,#925,#926,#927),
  .UNSPECIFIED.,.T.,.F.,(8,6,6,6,6,6,6,6,6,8),(0.,0.134490375694,
    0.249007292915,0.363523079219,0.472698584299,0.589516025358,
    0.666683387006,0.749881504082,0.864930103238,1.),.UNSPECIFIED.);
#872 = CARTESIAN_POINT('',(-3.14159265359,-27.66));
#873 = CARTESIAN_POINT('',(-3.129837847241,-27.66));
#874 = CARTESIAN_POINT('',(-3.118362703032,-27.69017729982));
#875 = CARTESIAN_POINT('',(-3.107534177446,-27.74794879119));
#876 = CARTESIAN_POINT('',(-3.097662474672,-27.82953699127));
#877 = CARTESIAN_POINT('',(-3.088989492906,-27.93004165515));
#878 = CARTESIAN_POINT('',(-3.081662608466,-28.04353914343));
#879 = CARTESIAN_POINT('',(-3.070620555605,-28.26512832921));
#880 = CARTESIAN_POINT('',(-3.066429298246,-28.37355209744));
#881 = CARTESIAN_POINT('',(-3.063105430583,-28.48664557198));
#882 = CARTESIAN_POINT('',(-3.060629318855,-28.602959216));
#883 = CARTESIAN_POINT('',(-3.058984837757,-28.72130814794));
#884 = CARTESIAN_POINT('',(-3.058162566979,-28.84065385629));
#885 = CARTESIAN_POINT('',(-3.058162566979,-29.07934496509));
#886 = CARTESIAN_POINT('',(-3.05898482292,-29.19869009427));
#887 = CARTESIAN_POINT('',(-3.060629285783,-29.31703953774));
#888 = CARTESIAN_POINT('',(-3.063105408323,-29.43335455322));
#889 = CARTESIAN_POINT('',(-3.066429333226,-29.54644946147));
#890 = CARTESIAN_POINT('',(-3.070620650993,-29.654873585));
#891 = CARTESIAN_POINT('',(-3.080539995246,-29.85393253213));
#892 = CARTESIAN_POINT('',(-3.086232844564,-29.9460751821));
#893 = CARTESIAN_POINT('',(-3.092770255697,-30.03037547629));
#894 = CARTESIAN_POINT('',(-3.100106886577,-30.10411712036));
#895 = CARTESIAN_POINT('',(-3.108164671838,-30.16472450846));
#896 = CARTESIAN_POINT('',(-3.116834920077,-30.20977147029));
#897 = CARTESIAN_POINT('',(-3.13575880871,-30.26607943144));
#898 = CARTESIAN_POINT('',(-3.145871114964,-30.27413060047));
#899 = CARTESIAN_POINT('',(-3.156002079824,-30.25960970682));
#900 = CARTESIAN_POINT('',(-3.165818628211,-30.22294552043));
#901 = CARTESIAN_POINT('',(-3.17500926934,-30.16641298361));
#902 = CARTESIAN_POINT('',(-3.183319818655,-30.09407330313));
#903 = CARTESIAN_POINT('',(-3.195399792184,-29.95732246211));
#904 = CARTESIAN_POINT('',(-3.199812001883,-29.89788757893));
#905 = CARTESIAN_POINT('',(-3.203825771834,-29.83421802151));
#906 = CARTESIAN_POINT('',(-3.207439972278,-29.76701920319));
#907 = CARTESIAN_POINT('',(-3.210656364504,-29.69691707367));
#908 = CARTESIAN_POINT('',(-3.21347862453,-29.62447154604));
#909 = CARTESIAN_POINT('',(-3.218534701389,-29.47009834537));
#910 = CARTESIAN_POINT('',(-3.220708636448,-29.38777019143));
#911 = CARTESIAN_POINT('',(-3.22243936821,-29.30376611085));
#912 = CARTESIAN_POINT('',(-3.22373254442,-29.21857304426));
#913 = CARTESIAN_POINT('',(-3.22459274557,-29.13262149282));
#914 = CARTESIAN_POINT('',(-3.2250227402,-29.04630506109));
#915 = CARTESIAN_POINT('',(-3.2250227402,-28.8406550349));
#916 = CARTESIAN_POINT('',(-3.22420048426,-28.72130990572));
#917 = CARTESIAN_POINT('',(-3.222556021397,-28.60296046225));
#918 = CARTESIAN_POINT('',(-3.220079898856,-28.48664544677));
#919 = CARTESIAN_POINT('',(-3.216755973954,-28.37355053852));
#920 = CARTESIAN_POINT('',(-3.212564656187,-28.26512641499));
#921 = CARTESIAN_POINT('',(-3.201524792299,-28.043581157));
#922 = CARTESIAN_POINT('',(-3.194197929411,-27.93006052615));
#923 = CARTESIAN_POINT('',(-3.185522760035,-27.82951958424));
#924 = CARTESIAN_POINT('',(-3.175647851706,-27.74791343566));
#925 = CARTESIAN_POINT('',(-3.16481702561,-27.69015207491));
#926 = CARTESIAN_POINT('',(-3.153342545044,-27.66));
#927 = CARTESIAN_POINT('',(-3.14159265359,-27.66));
#928 = ( GEOMETRIC_REPRESENTATION_CONTEXT(2) 
PARAMETRIC_REPRESENTATION_CONTEXT() REPRESENTATION_CONTEXT('2D SPACE',''
  ) );
#929 = PCURVE('',#930,#935);
#930 = CYLINDRICAL_SURFACE('',#931,1.3);
#931 = AXIS2_PLACEMENT_3D('',#932,#933,#934);
#932 = CARTESIAN_POINT('',(-16.6,0.,28.96));
#933 = DIRECTION('',(1.,0.,2.22044604925E-16));
#934 = DIRECTION('',(2.22044604925E-16,0.,-1.));
#935 = DEFINITIONAL_REPRESENTATION('',(#936),#993);
#936 = B_SPLINE_CURVE_WITH_KNOTS('',7,(#937,#938,#939,#940,#941,#942,
    #943,#944,#945,#946,#947,#948,#949,#950,#951,#952,#953,#954,#955,
    #956,#957,#958,#959,#960,#961,#962,#963,#964,#965,#966,#967,#968,
    #969,#970,#971,#972,#973,#974,#975,#976,#977,#978,#979,#980,#981,
    #982,#983,#984,#985,#986,#987,#988,#989,#990,#991,#992),
  .UNSPECIFIED.,.F.,.F.,(8,6,6,6,6,6,6,6,6,8),(0.,0.134490375694,
    0.249007292915,0.363523079219,0.472698584299,0.589516025358,
    0.666683387006,0.749881504082,0.864930103238,1.),.UNSPECIFIED.);
#937 = CARTESIAN_POINT('',(0.,1.));
#938 = CARTESIAN_POINT('',(0.141057676183,1.));
#939 = CARTESIAN_POINT('',(0.278759338809,1.002514847425));
#940 = CARTESIAN_POINT('',(0.413254204428,1.007328737405));
#941 = CARTESIAN_POINT('',(0.544397490161,1.013763717214));
#942 = CARTESIAN_POINT('',(0.671772829489,1.020849086764));
#943 = CARTESIAN_POINT('',(0.79454949593,1.027729313788));
#944 = CARTESIAN_POINT('',(1.010270736907,1.039071727228));
#945 = CARTESIAN_POINT('',(1.106917530977,1.043845403347));
#946 = CARTESIAN_POINT('',(1.201620890662,1.047901334029));
#947 = CARTESIAN_POINT('',(1.294887646451,1.051054453509));
#948 = CARTESIAN_POINT('',(1.387186485412,1.053192008885));
#949 = CARTESIAN_POINT('',(1.478991600868,1.054261033968));
#950 = CARTESIAN_POINT('',(1.6626001461,1.054261033968));
#951 = CARTESIAN_POINT('',(1.754404897468,1.053192018686));
#952 = CARTESIAN_POINT('',(1.846703982346,1.051054503844));
#953 = CARTESIAN_POINT('',(1.939971697555,1.047901363766));
#954 = CARTESIAN_POINT('',(2.034676374319,1.043845346157));
#955 = CARTESIAN_POINT('',(2.131323780215,1.039071629245));
#956 = CARTESIAN_POINT('',(2.325111410011,1.028882463789));
#957 = CARTESIAN_POINT('',(2.422909782427,1.023460581381));
#958 = CARTESIAN_POINT('',(2.5235402824,1.017865746568));
#959 = CARTESIAN_POINT('',(2.62683501655,1.012484165931));
#960 = CARTESIAN_POINT('',(2.732765497375,1.007761701133));
#961 = CARTESIAN_POINT('',(2.841428642725,1.004128952159));
#962 = CARTESIAN_POINT('',(3.072581980284,0.999519174091));
#963 = CARTESIAN_POINT('',(3.19294643903,0.998797316048));
#964 = CARTESIAN_POINT('',(3.313070447601,1.000023017637));
#965 = CARTESIAN_POINT('',(3.43202890041,1.003172560409));
#966 = CARTESIAN_POINT('',(3.548817511077,1.007778607439));
#967 = CARTESIAN_POINT('',(3.662138686258,1.013166728504));
#968 = CARTESIAN_POINT('',(3.841103630035,1.022397287879));
#969 = CARTESIAN_POINT('',(3.91074714114,1.026188537065));
#970 = CARTESIAN_POINT('',(3.97902005773,1.029971235907));
#971 = CARTESIAN_POINT('',(4.046070445365,1.033633454563));
#972 = CARTESIAN_POINT('',(4.112029537638,1.037082194735));
#973 = CARTESIAN_POINT('',(4.177018723929,1.040243823244));
#974 = CARTESIAN_POINT('',(4.310293411235,1.046100319953));
#975 = CARTESIAN_POINT('',(4.378527834717,1.04874324242));
#976 = CARTESIAN_POINT('',(4.446041027175,1.050920781974));
#977 = CARTESIAN_POINT('',(4.513008821719,1.052583852556));
#978 = CARTESIAN_POINT('',(4.579603231636,1.053701975061));
#979 = CARTESIAN_POINT('',(4.646000471853,1.054261033968));
#980 = CARTESIAN_POINT('',(4.80419279969,1.054261033968));
#981 = CARTESIAN_POINT('',(4.895997551058,1.053192018686));
#982 = CARTESIAN_POINT('',(4.988296635936,1.051054503844));
#983 = CARTESIAN_POINT('',(5.081564351145,1.047901363766));
#984 = CARTESIAN_POINT('',(5.176269027909,1.043845346157));
#985 = CARTESIAN_POINT('',(5.272916433804,1.039071629245));
#986 = CARTESIAN_POINT('',(5.488594910254,1.027731464323));
#987 = CARTESIAN_POINT('',(5.61138548786,1.020850807241));
#988 = CARTESIAN_POINT('',(5.738796109012,1.013762899141));
#989 = CARTESIAN_POINT('',(5.869976069973,1.007325783699));
#990 = CARTESIAN_POINT('',(6.004492925335,1.002512746139));
#991 = CARTESIAN_POINT('',(6.142186609726,1.));
#992 = CARTESIAN_POINT('',(6.28318530718,1.));
#993 = ( GEOMETRIC_REPRESENTATION_CONTEXT(2) 
PARAMETRIC_REPRESENTATION_CONTEXT() REPRESENTATION_CONTEXT('2D SPACE',''
  ) );
#994 = ADVANCED_FACE('',(#995),#300,.F.);
#995 = FACE_BOUND('',#996,.F.);
#996 = EDGE_LOOP('',(#997,#1020,#1021,#1044,#1070,#1091));
#997 = ORIENTED_EDGE('',*,*,#998,.F.);
#998 = EDGE_CURVE('',#286,#999,#1001,.T.);
#999 = VERTEX_POINT('',#1000);
#1000 = CARTESIAN_POINT('',(24.08,6.5,2.41));
#1001 = SURFACE_CURVE('',#1002,(#1006,#1013),.PCURVE_S1.);
#1002 = LINE('',#1003,#1004);
#1003 = CARTESIAN_POINT('',(24.08,6.5,-1.));
#1004 = VECTOR('',#1005,1.);
#1005 = DIRECTION('',(0.,0.,1.));
#1006 = PCURVE('',#300,#1007);
#1007 = DEFINITIONAL_REPRESENTATION('',(#1008),#1012);
#1008 = LINE('',#1009,#1010);
#1009 = CARTESIAN_POINT('',(0.,7.5));
#1010 = VECTOR('',#1011,1.);
#1011 = DIRECTION('',(1.,0.));
#1012 = ( GEOMETRIC_REPRESENTATION_CONTEXT(2) 
PARAMETRIC_REPRESENTATION_CONTEXT() REPRESENTATION_CONTEXT('2D SPACE',''
  ) );
#1013 = PCURVE('',#376,#1014);
#1014 = DEFINITIONAL_REPRESENTATION('',(#1015),#1019);
#1015 = LINE('',#1016,#1017);
#1016 = CARTESIAN_POINT('',(0.,-13.));
#1017 = VECTOR('',#1018,1.);
#1018 = DIRECTION('',(1.,0.));
#1019 = ( GEOMETRIC_REPRESENTATION_CONTEXT(2) 
PARAMETRIC_REPRESENTATION_CONTEXT() REPRESENTATION_CONTEXT('2D SPACE',''
  ) );
#1020 = ORIENTED_EDGE('',*,*,#283,.F.);
#1021 = ORIENTED_EDGE('',*,*,#1022,.T.);
#1022 = EDGE_CURVE('',#284,#1023,#1025,.T.);
#1023 = VERTEX_POINT('',#1024);
#1024 = CARTESIAN_POINT('',(16.58,6.5,2.4));
#1025 = SURFACE_CURVE('',#1026,(#1030,#1037),.PCURVE_S1.);
#1026 = LINE('',#1027,#1028);
#1027 = CARTESIAN_POINT('',(16.58,6.5,-1.));
#1028 = VECTOR('',#1029,1.);
#1029 = DIRECTION('',(0.,0.,1.));
#1030 = PCURVE('',#300,#1031);
#1031 = DEFINITIONAL_REPRESENTATION('',(#1032),#1036);
#1032 = LINE('',#1033,#1034);
#1033 = CARTESIAN_POINT('',(0.,0.));
#1034 = VECTOR('',#1035,1.);
#1035 = DIRECTION('',(1.,0.));
#1036 = ( GEOMETRIC_REPRESENTATION_CONTEXT(2) 
PARAMETRIC_REPRESENTATION_CONTEXT() REPRESENTATION_CONTEXT('2D SPACE',''
  ) );
#1037 = PCURVE('',#326,#1038);
#1038 = DEFINITIONAL_REPRESENTATION('',(#1039),#1043);
#1039 = LINE('',#1040,#1041);
#1040 = CARTESIAN_POINT('',(0.,-13.));
#1041 = VECTOR('',#1042,1.);
#1042 = DIRECTION('',(1.,0.));
#1043 = ( GEOMETRIC_REPRESENTATION_CONTEXT(2) 
PARAMETRIC_REPRESENTATION_CONTEXT() REPRESENTATION_CONTEXT('2D SPACE',''
  ) );
#1044 = ORIENTED_EDGE('',*,*,#1045,.F.);
#1045 = EDGE_CURVE('',#1046,#1023,#1048,.T.);
#1046 = VERTEX_POINT('',#1047);
#1047 = CARTESIAN_POINT('',(22.6,6.5,2.4));
#1048 = SURFACE_CURVE('',#1049,(#1053,#1059),.PCURVE_S1.);
#1049 = LINE('',#1050,#1051);
#1050 = CARTESIAN_POINT('',(15.69,6.5,2.4));
#1051 = VECTOR('',#1052,1.);
#1052 = DIRECTION('',(-1.,-0.,0.));
#1053 = PCURVE('',#300,#1054);
#1054 = DEFINITIONAL_REPRESENTATION('',(#1055),#1058);
#1055 = B_SPLINE_CURVE_WITH_KNOTS('',1,(#1056,#1057),.UNSPECIFIED.,.F.,
  .F.,(2,2),(-6.91,-0.89),.PIECEWISE_BEZIER_KNOTS.);
#1056 = CARTESIAN_POINT('',(3.4,6.02));
#1057 = CARTESIAN_POINT('',(3.4,0.));
#1058 = ( GEOMETRIC_REPRESENTATION_CONTEXT(2) 
PARAMETRIC_REPRESENTATION_CONTEXT() REPRESENTATION_CONTEXT('2D SPACE',''
  ) );
#1059 = PCURVE('',#1060,#1065);
#1060 = PLANE('',#1061);
#1061 = AXIS2_PLACEMENT_3D('',#1062,#1063,#1064);
#1062 = CARTESIAN_POINT('',(14.8,-9.4,2.4));
#1063 = DIRECTION('',(0.,0.,1.));
#1064 = DIRECTION('',(1.,0.,-0.));
#1065 = DEFINITIONAL_REPRESENTATION('',(#1066),#1069);
#1066 = B_SPLINE_CURVE_WITH_KNOTS('',1,(#1067,#1068),.UNSPECIFIED.,.F.,
  .F.,(2,2),(-6.91,-0.89),.PIECEWISE_BEZIER_KNOTS.);
#1067 = CARTESIAN_POINT('',(7.8,15.9));
#1068 = CARTESIAN_POINT('',(1.78,15.9));
#1069 = ( GEOMETRIC_REPRESENTATION_CONTEXT(2) 
PARAMETRIC_REPRESENTATION_CONTEXT() REPRESENTATION_CONTEXT('2D SPACE',''
  ) );
#1070 = ORIENTED_EDGE('',*,*,#1071,.T.);
#1071 = EDGE_CURVE('',#1046,#1072,#1074,.T.);
#1072 = VERTEX_POINT('',#1073);
#1073 = CARTESIAN_POINT('',(22.6,6.5,2.41));
#1074 = SURFACE_CURVE('',#1075,(#1079,#1085),.PCURVE_S1.);
#1075 = LINE('',#1076,#1077);
#1076 = CARTESIAN_POINT('',(22.6,6.5,0.7));
#1077 = VECTOR('',#1078,1.);
#1078 = DIRECTION('',(0.,0.,1.));
#1079 = PCURVE('',#300,#1080);
#1080 = DEFINITIONAL_REPRESENTATION('',(#1081),#1084);
#1081 = B_SPLINE_CURVE_WITH_KNOTS('',1,(#1082,#1083),.UNSPECIFIED.,.F.,
  .F.,(2,2),(1.7,1.71),.PIECEWISE_BEZIER_KNOTS.);
#1082 = CARTESIAN_POINT('',(3.4,6.02));
#1083 = CARTESIAN_POINT('',(3.41,6.02));
#1084 = ( GEOMETRIC_REPRESENTATION_CONTEXT(2) 
PARAMETRIC_REPRESENTATION_CONTEXT() REPRESENTATION_CONTEXT('2D SPACE',''
  ) );
#1085 = PCURVE('',#699,#1086);
#1086 = DEFINITIONAL_REPRESENTATION('',(#1087),#1090);
#1087 = B_SPLINE_CURVE_WITH_KNOTS('',1,(#1088,#1089),.UNSPECIFIED.,.F.,
  .F.,(2,2),(1.7,1.71),.PIECEWISE_BEZIER_KNOTS.);
#1088 = CARTESIAN_POINT('',(0.,-15.9));
#1089 = CARTESIAN_POINT('',(1.E-02,-15.9));
#1090 = ( GEOMETRIC_REPRESENTATION_CONTEXT(2) 
PARAMETRIC_REPRESENTATION_CONTEXT() REPRESENTATION_CONTEXT('2D SPACE',''
  ) );
#1091 = ORIENTED_EDGE('',*,*,#1092,.T.);
#1092 = EDGE_CURVE('',#1072,#999,#1093,.T.);
#1093 = SURFACE_CURVE('',#1094,(#1098,#1105),.PCURVE_S1.);
#1094 = LINE('',#1095,#1096);
#1095 = CARTESIAN_POINT('',(16.58,6.5,2.41));
#1096 = VECTOR('',#1097,1.);
#1097 = DIRECTION('',(1.,0.,-0.));
#1098 = PCURVE('',#300,#1099);
#1099 = DEFINITIONAL_REPRESENTATION('',(#1100),#1104);
#1100 = LINE('',#1101,#1102);
#1101 = CARTESIAN_POINT('',(3.41,0.));
#1102 = VECTOR('',#1103,1.);
#1103 = DIRECTION('',(0.,1.));
#1104 = ( GEOMETRIC_REPRESENTATION_CONTEXT(2) 
PARAMETRIC_REPRESENTATION_CONTEXT() REPRESENTATION_CONTEXT('2D SPACE',''
  ) );
#1105 = PCURVE('',#1106,#1111);
#1106 = PLANE('',#1107);
#1107 = AXIS2_PLACEMENT_3D('',#1108,#1109,#1110);
#1108 = CARTESIAN_POINT('',(16.58,-6.5,2.41));
#1109 = DIRECTION('',(0.,0.,1.));
#1110 = DIRECTION('',(1.,0.,-0.));
#1111 = DEFINITIONAL_REPRESENTATION('',(#1112),#1116);
#1112 = LINE('',#1113,#1114);
#1113 = CARTESIAN_POINT('',(0.,13.));
#1114 = VECTOR('',#1115,1.);
#1115 = DIRECTION('',(1.,0.));
#1116 = ( GEOMETRIC_REPRESENTATION_CONTEXT(2) 
PARAMETRIC_REPRESENTATION_CONTEXT() REPRESENTATION_CONTEXT('2D SPACE',''
  ) );
#1117 = ADVANCED_FACE('',(#1118),#376,.F.);
#1118 = FACE_BOUND('',#1119,.F.);
#1119 = EDGE_LOOP('',(#1120,#1143,#1144,#1145));
#1120 = ORIENTED_EDGE('',*,*,#1121,.F.);
#1121 = EDGE_CURVE('',#338,#1122,#1124,.T.);
#1122 = VERTEX_POINT('',#1123);
#1123 = CARTESIAN_POINT('',(24.08,-6.5,2.41));
#1124 = SURFACE_CURVE('',#1125,(#1129,#1136),.PCURVE_S1.);
#1125 = LINE('',#1126,#1127);
#1126 = CARTESIAN_POINT('',(24.08,-6.5,-1.));
#1127 = VECTOR('',#1128,1.);
#1128 = DIRECTION('',(0.,0.,1.));
#1129 = PCURVE('',#376,#1130);
#1130 = DEFINITIONAL_REPRESENTATION('',(#1131),#1135);
#1131 = LINE('',#1132,#1133);
#1132 = CARTESIAN_POINT('',(0.,0.));
#1133 = VECTOR('',#1134,1.);
#1134 = DIRECTION('',(1.,0.));
#1135 = ( GEOMETRIC_REPRESENTATION_CONTEXT(2) 
PARAMETRIC_REPRESENTATION_CONTEXT() REPRESENTATION_CONTEXT('2D SPACE',''
  ) );
#1136 = PCURVE('',#352,#1137);
#1137 = DEFINITIONAL_REPRESENTATION('',(#1138),#1142);
#1138 = LINE('',#1139,#1140);
#1139 = CARTESIAN_POINT('',(0.,7.5));
#1140 = VECTOR('',#1141,1.);
#1141 = DIRECTION('',(1.,0.));
#1142 = ( GEOMETRIC_REPRESENTATION_CONTEXT(2) 
PARAMETRIC_REPRESENTATION_CONTEXT() REPRESENTATION_CONTEXT('2D SPACE',''
  ) );
#1143 = ORIENTED_EDGE('',*,*,#363,.F.);
#1144 = ORIENTED_EDGE('',*,*,#998,.T.);
#1145 = ORIENTED_EDGE('',*,*,#1146,.F.);
#1146 = EDGE_CURVE('',#1122,#999,#1147,.T.);
#1147 = SURFACE_CURVE('',#1148,(#1152,#1159),.PCURVE_S1.);
#1148 = LINE('',#1149,#1150);
#1149 = CARTESIAN_POINT('',(24.08,-6.5,2.41));
#1150 = VECTOR('',#1151,1.);
#1151 = DIRECTION('',(-0.,1.,0.));
#1152 = PCURVE('',#376,#1153);
#1153 = DEFINITIONAL_REPRESENTATION('',(#1154),#1158);
#1154 = LINE('',#1155,#1156);
#1155 = CARTESIAN_POINT('',(3.41,0.));
#1156 = VECTOR('',#1157,1.);
#1157 = DIRECTION('',(0.,-1.));
#1158 = ( GEOMETRIC_REPRESENTATION_CONTEXT(2) 
PARAMETRIC_REPRESENTATION_CONTEXT() REPRESENTATION_CONTEXT('2D SPACE',''
  ) );
#1159 = PCURVE('',#1106,#1160);
#1160 = DEFINITIONAL_REPRESENTATION('',(#1161),#1165);
#1161 = LINE('',#1162,#1163);
#1162 = CARTESIAN_POINT('',(7.5,0.));
#1163 = VECTOR('',#1164,1.);
#1164 = DIRECTION('',(0.,1.));
#1165 = ( GEOMETRIC_REPRESENTATION_CONTEXT(2) 
PARAMETRIC_REPRESENTATION_CONTEXT() REPRESENTATION_CONTEXT('2D SPACE',''
  ) );
#1166 = ADVANCED_FACE('',(#1167),#352,.T.);
#1167 = FACE_BOUND('',#1168,.T.);
#1168 = EDGE_LOOP('',(#1169,#1170,#1171,#1194,#1215,#1236));
#1169 = ORIENTED_EDGE('',*,*,#1121,.F.);
#1170 = ORIENTED_EDGE('',*,*,#337,.F.);
#1171 = ORIENTED_EDGE('',*,*,#1172,.T.);
#1172 = EDGE_CURVE('',#312,#1173,#1175,.T.);
#1173 = VERTEX_POINT('',#1174);
#1174 = CARTESIAN_POINT('',(16.58,-6.5,2.4));
#1175 = SURFACE_CURVE('',#1176,(#1180,#1187),.PCURVE_S1.);
#1176 = LINE('',#1177,#1178);
#1177 = CARTESIAN_POINT('',(16.58,-6.5,-1.));
#1178 = VECTOR('',#1179,1.);
#1179 = DIRECTION('',(0.,0.,1.));
#1180 = PCURVE('',#352,#1181);
#1181 = DEFINITIONAL_REPRESENTATION('',(#1182),#1186);
#1182 = LINE('',#1183,#1184);
#1183 = CARTESIAN_POINT('',(0.,0.));
#1184 = VECTOR('',#1185,1.);
#1185 = DIRECTION('',(1.,0.));
#1186 = ( GEOMETRIC_REPRESENTATION_CONTEXT(2) 
PARAMETRIC_REPRESENTATION_CONTEXT() REPRESENTATION_CONTEXT('2D SPACE',''
  ) );
#1187 = PCURVE('',#326,#1188);
#1188 = DEFINITIONAL_REPRESENTATION('',(#1189),#1193);
#1189 = LINE('',#1190,#1191);
#1190 = CARTESIAN_POINT('',(0.,0.));
#1191 = VECTOR('',#1192,1.);
#1192 = DIRECTION('',(1.,0.));
#1193 = ( GEOMETRIC_REPRESENTATION_CONTEXT(2) 
PARAMETRIC_REPRESENTATION_CONTEXT() REPRESENTATION_CONTEXT('2D SPACE',''
  ) );
#1194 = ORIENTED_EDGE('',*,*,#1195,.F.);
#1195 = EDGE_CURVE('',#1196,#1173,#1198,.T.);
#1196 = VERTEX_POINT('',#1197);
#1197 = CARTESIAN_POINT('',(22.6,-6.5,2.4));
#1198 = SURFACE_CURVE('',#1199,(#1203,#1209),.PCURVE_S1.);
#1199 = LINE('',#1200,#1201);
#1200 = CARTESIAN_POINT('',(15.69,-6.5,2.4));
#1201 = VECTOR('',#1202,1.);
#1202 = DIRECTION('',(-1.,-0.,0.));
#1203 = PCURVE('',#352,#1204);
#1204 = DEFINITIONAL_REPRESENTATION('',(#1205),#1208);
#1205 = B_SPLINE_CURVE_WITH_KNOTS('',1,(#1206,#1207),.UNSPECIFIED.,.F.,
  .F.,(2,2),(-6.91,-0.89),.PIECEWISE_BEZIER_KNOTS.);
#1206 = CARTESIAN_POINT('',(3.4,6.02));
#1207 = CARTESIAN_POINT('',(3.4,0.));
#1208 = ( GEOMETRIC_REPRESENTATION_CONTEXT(2) 
PARAMETRIC_REPRESENTATION_CONTEXT() REPRESENTATION_CONTEXT('2D SPACE',''
  ) );
#1209 = PCURVE('',#1060,#1210);
#1210 = DEFINITIONAL_REPRESENTATION('',(#1211),#1214);
#1211 = B_SPLINE_CURVE_WITH_KNOTS('',1,(#1212,#1213),.UNSPECIFIED.,.F.,
  .F.,(2,2),(-6.91,-0.89),.PIECEWISE_BEZIER_KNOTS.);
#1212 = CARTESIAN_POINT('',(7.8,2.9));
#1213 = CARTESIAN_POINT('',(1.78,2.9));
#1214 = ( GEOMETRIC_REPRESENTATION_CONTEXT(2) 
PARAMETRIC_REPRESENTATION_CONTEXT() REPRESENTATION_CONTEXT('2D SPACE',''
  ) );
#1215 = ORIENTED_EDGE('',*,*,#1216,.T.);
#1216 = EDGE_CURVE('',#1196,#1217,#1219,.T.);
#1217 = VERTEX_POINT('',#1218);
#1218 = CARTESIAN_POINT('',(22.6,-6.5,2.41));
#1219 = SURFACE_CURVE('',#1220,(#1224,#1230),.PCURVE_S1.);
#1220 = LINE('',#1221,#1222);
#1221 = CARTESIAN_POINT('',(22.6,-6.5,0.7));
#1222 = VECTOR('',#1223,1.);
#1223 = DIRECTION('',(0.,0.,1.));
#1224 = PCURVE('',#352,#1225);
#1225 = DEFINITIONAL_REPRESENTATION('',(#1226),#1229);
#1226 = B_SPLINE_CURVE_WITH_KNOTS('',1,(#1227,#1228),.UNSPECIFIED.,.F.,
  .F.,(2,2),(1.7,1.71),.PIECEWISE_BEZIER_KNOTS.);
#1227 = CARTESIAN_POINT('',(3.4,6.02));
#1228 = CARTESIAN_POINT('',(3.41,6.02));
#1229 = ( GEOMETRIC_REPRESENTATION_CONTEXT(2) 
PARAMETRIC_REPRESENTATION_CONTEXT() REPRESENTATION_CONTEXT('2D SPACE',''
  ) );
#1230 = PCURVE('',#699,#1231);
#1231 = DEFINITIONAL_REPRESENTATION('',(#1232),#1235);
#1232 = B_SPLINE_CURVE_WITH_KNOTS('',1,(#1233,#1234),.UNSPECIFIED.,.F.,
  .F.,(2,2),(1.7,1.71),.PIECEWISE_BEZIER_KNOTS.);
#1233 = CARTESIAN_POINT('',(0.,-2.9));
#1234 = CARTESIAN_POINT('',(1.E-02,-2.9));
#1235 = ( GEOMETRIC_REPRESENTATION_CONTEXT(2) 
PARAMETRIC_REPRESENTATION_CONTEXT() REPRESENTATION_CONTEXT('2D SPACE',''
  ) );
#1236 = ORIENTED_EDGE('',*,*,#1237,.T.);
#1237 = EDGE_CURVE('',#1217,#1122,#1238,.T.);
#1238 = SURFACE_CURVE('',#1239,(#1243,#1250),.PCURVE_S1.);
#1239 = LINE('',#1240,#1241);
#1240 = CARTESIAN_POINT('',(16.58,-6.5,2.41));
#1241 = VECTOR('',#1242,1.);
#1242 = DIRECTION('',(1.,0.,-0.));
#1243 = PCURVE('',#352,#1244);
#1244 = DEFINITIONAL_REPRESENTATION('',(#1245),#1249);
#1245 = LINE('',#1246,#1247);
#1246 = CARTESIAN_POINT('',(3.41,0.));
#1247 = VECTOR('',#1248,1.);
#1248 = DIRECTION('',(0.,1.));
#1249 = ( GEOMETRIC_REPRESENTATION_CONTEXT(2) 
PARAMETRIC_REPRESENTATION_CONTEXT() REPRESENTATION_CONTEXT('2D SPACE',''
  ) );
#1250 = PCURVE('',#1106,#1251);
#1251 = DEFINITIONAL_REPRESENTATION('',(#1252),#1256);
#1252 = LINE('',#1253,#1254);
#1253 = CARTESIAN_POINT('',(0.,0.));
#1254 = VECTOR('',#1255,1.);
#1255 = DIRECTION('',(1.,0.));
#1256 = ( GEOMETRIC_REPRESENTATION_CONTEXT(2) 
PARAMETRIC_REPRESENTATION_CONTEXT() REPRESENTATION_CONTEXT('2D SPACE',''
  ) );
#1257 = ADVANCED_FACE('',(#1258),#326,.T.);
#1258 = FACE_BOUND('',#1259,.T.);
#1259 = EDGE_LOOP('',(#1260,#1261,#1262,#1263));
#1260 = ORIENTED_EDGE('',*,*,#1172,.F.);
#1261 = ORIENTED_EDGE('',*,*,#311,.F.);
#1262 = ORIENTED_EDGE('',*,*,#1022,.T.);
#1263 = ORIENTED_EDGE('',*,*,#1264,.F.);
#1264 = EDGE_CURVE('',#1173,#1023,#1265,.T.);
#1265 = SURFACE_CURVE('',#1266,(#1270,#1276),.PCURVE_S1.);
#1266 = LINE('',#1267,#1268);
#1267 = CARTESIAN_POINT('',(16.58,-7.95,2.4));
#1268 = VECTOR('',#1269,1.);
#1269 = DIRECTION('',(-0.,1.,0.));
#1270 = PCURVE('',#326,#1271);
#1271 = DEFINITIONAL_REPRESENTATION('',(#1272),#1275);
#1272 = B_SPLINE_CURVE_WITH_KNOTS('',1,(#1273,#1274),.UNSPECIFIED.,.F.,
  .F.,(2,2),(1.45,14.45),.PIECEWISE_BEZIER_KNOTS.);
#1273 = CARTESIAN_POINT('',(3.4,0.));
#1274 = CARTESIAN_POINT('',(3.4,-13.));
#1275 = ( GEOMETRIC_REPRESENTATION_CONTEXT(2) 
PARAMETRIC_REPRESENTATION_CONTEXT() REPRESENTATION_CONTEXT('2D SPACE',''
  ) );
#1276 = PCURVE('',#1060,#1277);
#1277 = DEFINITIONAL_REPRESENTATION('',(#1278),#1281);
#1278 = B_SPLINE_CURVE_WITH_KNOTS('',1,(#1279,#1280),.UNSPECIFIED.,.F.,
  .F.,(2,2),(1.45,14.45),.PIECEWISE_BEZIER_KNOTS.);
#1279 = CARTESIAN_POINT('',(1.78,2.9));
#1280 = CARTESIAN_POINT('',(1.78,15.9));
#1281 = ( GEOMETRIC_REPRESENTATION_CONTEXT(2) 
PARAMETRIC_REPRESENTATION_CONTEXT() REPRESENTATION_CONTEXT('2D SPACE',''
  ) );
#1282 = ADVANCED_FACE('',(#1283),#410,.F.);
#1283 = FACE_BOUND('',#1284,.F.);
#1284 = EDGE_LOOP('',(#1285,#1314,#1335,#1336));
#1285 = ORIENTED_EDGE('',*,*,#1286,.F.);
#1286 = EDGE_CURVE('',#1287,#1287,#1289,.T.);
#1287 = VERTEX_POINT('',#1288);
#1288 = CARTESIAN_POINT('',(3.4,-8.327598234202E-16,2.));
#1289 = SURFACE_CURVE('',#1290,(#1295,#1302),.PCURVE_S1.);
#1290 = CIRCLE('',#1291,3.4);
#1291 = AXIS2_PLACEMENT_3D('',#1292,#1293,#1294);
#1292 = CARTESIAN_POINT('',(0.,0.,2.));
#1293 = DIRECTION('',(0.,0.,1.));
#1294 = DIRECTION('',(1.,0.,-0.));
#1295 = PCURVE('',#410,#1296);
#1296 = DEFINITIONAL_REPRESENTATION('',(#1297),#1301);
#1297 = LINE('',#1298,#1299);
#1298 = CARTESIAN_POINT('',(0.,3.));
#1299 = VECTOR('',#1300,1.);
#1300 = DIRECTION('',(1.,0.));
#1301 = ( GEOMETRIC_REPRESENTATION_CONTEXT(2) 
PARAMETRIC_REPRESENTATION_CONTEXT() REPRESENTATION_CONTEXT('2D SPACE',''
  ) );
#1302 = PCURVE('',#1303,#1308);
#1303 = PLANE('',#1304);
#1304 = AXIS2_PLACEMENT_3D('',#1305,#1306,#1307);
#1305 = CARTESIAN_POINT('',(-1.789843105418E-16,-3.49190976604E-16,2.));
#1306 = DIRECTION('',(0.,0.,1.));
#1307 = DIRECTION('',(1.,0.,-0.));
#1308 = DEFINITIONAL_REPRESENTATION('',(#1309),#1313);
#1309 = CIRCLE('',#1310,3.4);
#1310 = AXIS2_PLACEMENT_2D('',#1311,#1312);
#1311 = CARTESIAN_POINT('',(1.789843105418E-16,3.49190976604E-16));
#1312 = DIRECTION('',(1.,0.));
#1313 = ( GEOMETRIC_REPRESENTATION_CONTEXT(2) 
PARAMETRIC_REPRESENTATION_CONTEXT() REPRESENTATION_CONTEXT('2D SPACE',''
  ) );
#1314 = ORIENTED_EDGE('',*,*,#1315,.F.);
#1315 = EDGE_CURVE('',#390,#1287,#1316,.T.);
#1316 = SEAM_CURVE('',#1317,(#1321,#1328),.PCURVE_S1.);
#1317 = LINE('',#1318,#1319);
#1318 = CARTESIAN_POINT('',(3.4,-8.327598234202E-16,-1.));
#1319 = VECTOR('',#1320,1.);
#1320 = DIRECTION('',(0.,0.,1.));
#1321 = PCURVE('',#410,#1322);
#1322 = DEFINITIONAL_REPRESENTATION('',(#1323),#1327);
#1323 = LINE('',#1324,#1325);
#1324 = CARTESIAN_POINT('',(6.28318530718,-0.));
#1325 = VECTOR('',#1326,1.);
#1326 = DIRECTION('',(0.,1.));
#1327 = ( GEOMETRIC_REPRESENTATION_CONTEXT(2) 
PARAMETRIC_REPRESENTATION_CONTEXT() REPRESENTATION_CONTEXT('2D SPACE',''
  ) );
#1328 = PCURVE('',#410,#1329);
#1329 = DEFINITIONAL_REPRESENTATION('',(#1330),#1334);
#1330 = LINE('',#1331,#1332);
#1331 = CARTESIAN_POINT('',(0.,-0.));
#1332 = VECTOR('',#1333,1.);
#1333 = DIRECTION('',(0.,1.));
#1334 = ( GEOMETRIC_REPRESENTATION_CONTEXT(2) 
PARAMETRIC_REPRESENTATION_CONTEXT() REPRESENTATION_CONTEXT('2D SPACE',''
  ) );
#1335 = ORIENTED_EDGE('',*,*,#389,.T.);
#1336 = ORIENTED_EDGE('',*,*,#1315,.T.);
#1337 = ADVANCED_FACE('',(#1338),#623,.F.);
#1338 = FACE_BOUND('',#1339,.F.);
#1339 = EDGE_LOOP('',(#1340,#1363,#1386,#1407));
#1340 = ORIENTED_EDGE('',*,*,#1341,.F.);
#1341 = EDGE_CURVE('',#1342,#609,#1344,.T.);
#1342 = VERTEX_POINT('',#1343);
#1343 = CARTESIAN_POINT('',(22.6,9.4,2.4));
#1344 = SURFACE_CURVE('',#1345,(#1349,#1356),.PCURVE_S1.);
#1345 = LINE('',#1346,#1347);
#1346 = CARTESIAN_POINT('',(22.6,9.4,2.4));
#1347 = VECTOR('',#1348,1.);
#1348 = DIRECTION('',(0.,0.,1.));
#1349 = PCURVE('',#623,#1350);
#1350 = DEFINITIONAL_REPRESENTATION('',(#1351),#1355);
#1351 = LINE('',#1352,#1353);
#1352 = CARTESIAN_POINT('',(0.,7.8));
#1353 = VECTOR('',#1354,1.);
#1354 = DIRECTION('',(1.,0.));
#1355 = ( GEOMETRIC_REPRESENTATION_CONTEXT(2) 
PARAMETRIC_REPRESENTATION_CONTEXT() REPRESENTATION_CONTEXT('2D SPACE',''
  ) );
#1356 = PCURVE('',#699,#1357);
#1357 = DEFINITIONAL_REPRESENTATION('',(#1358),#1362);
#1358 = LINE('',#1359,#1360);
#1359 = CARTESIAN_POINT('',(0.,-18.8));
#1360 = VECTOR('',#1361,1.);
#1361 = DIRECTION('',(1.,0.));
#1362 = ( GEOMETRIC_REPRESENTATION_CONTEXT(2) 
PARAMETRIC_REPRESENTATION_CONTEXT() REPRESENTATION_CONTEXT('2D SPACE',''
  ) );
#1363 = ORIENTED_EDGE('',*,*,#1364,.F.);
#1364 = EDGE_CURVE('',#1365,#1342,#1367,.T.);
#1365 = VERTEX_POINT('',#1366);
#1366 = CARTESIAN_POINT('',(14.8,9.4,2.4));
#1367 = SURFACE_CURVE('',#1368,(#1372,#1379),.PCURVE_S1.);
#1368 = LINE('',#1369,#1370);
#1369 = CARTESIAN_POINT('',(14.8,9.4,2.4));
#1370 = VECTOR('',#1371,1.);
#1371 = DIRECTION('',(1.,0.,-0.));
#1372 = PCURVE('',#623,#1373);
#1373 = DEFINITIONAL_REPRESENTATION('',(#1374),#1378);
#1374 = LINE('',#1375,#1376);
#1375 = CARTESIAN_POINT('',(0.,0.));
#1376 = VECTOR('',#1377,1.);
#1377 = DIRECTION('',(0.,1.));
#1378 = ( GEOMETRIC_REPRESENTATION_CONTEXT(2) 
PARAMETRIC_REPRESENTATION_CONTEXT() REPRESENTATION_CONTEXT('2D SPACE',''
  ) );
#1379 = PCURVE('',#1060,#1380);
#1380 = DEFINITIONAL_REPRESENTATION('',(#1381),#1385);
#1381 = LINE('',#1382,#1383);
#1382 = CARTESIAN_POINT('',(0.,18.8));
#1383 = VECTOR('',#1384,1.);
#1384 = DIRECTION('',(1.,0.));
#1385 = ( GEOMETRIC_REPRESENTATION_CONTEXT(2) 
PARAMETRIC_REPRESENTATION_CONTEXT() REPRESENTATION_CONTEXT('2D SPACE',''
  ) );
#1386 = ORIENTED_EDGE('',*,*,#1387,.T.);
#1387 = EDGE_CURVE('',#1365,#607,#1388,.T.);
#1388 = SURFACE_CURVE('',#1389,(#1393,#1400),.PCURVE_S1.);
#1389 = LINE('',#1390,#1391);
#1390 = CARTESIAN_POINT('',(14.8,9.4,2.4));
#1391 = VECTOR('',#1392,1.);
#1392 = DIRECTION('',(0.,0.,1.));
#1393 = PCURVE('',#623,#1394);
#1394 = DEFINITIONAL_REPRESENTATION('',(#1395),#1399);
#1395 = LINE('',#1396,#1397);
#1396 = CARTESIAN_POINT('',(0.,0.));
#1397 = VECTOR('',#1398,1.);
#1398 = DIRECTION('',(1.,0.));
#1399 = ( GEOMETRIC_REPRESENTATION_CONTEXT(2) 
PARAMETRIC_REPRESENTATION_CONTEXT() REPRESENTATION_CONTEXT('2D SPACE',''
  ) );
#1400 = PCURVE('',#649,#1401);
#1401 = DEFINITIONAL_REPRESENTATION('',(#1402),#1406);
#1402 = LINE('',#1403,#1404);
#1403 = CARTESIAN_POINT('',(0.,-18.8));
#1404 = VECTOR('',#1405,1.);
#1405 = DIRECTION('',(1.,0.));
#1406 = ( GEOMETRIC_REPRESENTATION_CONTEXT(2) 
PARAMETRIC_REPRESENTATION_CONTEXT() REPRESENTATION_CONTEXT('2D SPACE',''
  ) );
#1407 = ORIENTED_EDGE('',*,*,#606,.T.);
#1408 = ADVANCED_FACE('',(#1409),#699,.F.);
#1409 = FACE_BOUND('',#1410,.F.);
#1410 = EDGE_LOOP('',(#1411,#1434,#1455,#1456,#1475,#1476,#1497,#1498));
#1411 = ORIENTED_EDGE('',*,*,#1412,.F.);
#1412 = EDGE_CURVE('',#1413,#661,#1415,.T.);
#1413 = VERTEX_POINT('',#1414);
#1414 = CARTESIAN_POINT('',(22.6,-9.4,2.4));
#1415 = SURFACE_CURVE('',#1416,(#1420,#1427),.PCURVE_S1.);
#1416 = LINE('',#1417,#1418);
#1417 = CARTESIAN_POINT('',(22.6,-9.4,2.4));
#1418 = VECTOR('',#1419,1.);
#1419 = DIRECTION('',(0.,0.,1.));
#1420 = PCURVE('',#699,#1421);
#1421 = DEFINITIONAL_REPRESENTATION('',(#1422),#1426);
#1422 = LINE('',#1423,#1424);
#1423 = CARTESIAN_POINT('',(0.,0.));
#1424 = VECTOR('',#1425,1.);
#1425 = DIRECTION('',(1.,0.));
#1426 = ( GEOMETRIC_REPRESENTATION_CONTEXT(2) 
PARAMETRIC_REPRESENTATION_CONTEXT() REPRESENTATION_CONTEXT('2D SPACE',''
  ) );
#1427 = PCURVE('',#675,#1428);
#1428 = DEFINITIONAL_REPRESENTATION('',(#1429),#1433);
#1429 = LINE('',#1430,#1431);
#1430 = CARTESIAN_POINT('',(0.,7.8));
#1431 = VECTOR('',#1432,1.);
#1432 = DIRECTION('',(1.,0.));
#1433 = ( GEOMETRIC_REPRESENTATION_CONTEXT(2) 
PARAMETRIC_REPRESENTATION_CONTEXT() REPRESENTATION_CONTEXT('2D SPACE',''
  ) );
#1434 = ORIENTED_EDGE('',*,*,#1435,.T.);
#1435 = EDGE_CURVE('',#1413,#1196,#1436,.T.);
#1436 = SURFACE_CURVE('',#1437,(#1441,#1448),.PCURVE_S1.);
#1437 = LINE('',#1438,#1439);
#1438 = CARTESIAN_POINT('',(22.6,-9.4,2.4));
#1439 = VECTOR('',#1440,1.);
#1440 = DIRECTION('',(-0.,1.,0.));
#1441 = PCURVE('',#699,#1442);
#1442 = DEFINITIONAL_REPRESENTATION('',(#1443),#1447);
#1443 = LINE('',#1444,#1445);
#1444 = CARTESIAN_POINT('',(0.,0.));
#1445 = VECTOR('',#1446,1.);
#1446 = DIRECTION('',(0.,-1.));
#1447 = ( GEOMETRIC_REPRESENTATION_CONTEXT(2) 
PARAMETRIC_REPRESENTATION_CONTEXT() REPRESENTATION_CONTEXT('2D SPACE',''
  ) );
#1448 = PCURVE('',#1060,#1449);
#1449 = DEFINITIONAL_REPRESENTATION('',(#1450),#1454);
#1450 = LINE('',#1451,#1452);
#1451 = CARTESIAN_POINT('',(7.8,0.));
#1452 = VECTOR('',#1453,1.);
#1453 = DIRECTION('',(0.,1.));
#1454 = ( GEOMETRIC_REPRESENTATION_CONTEXT(2) 
PARAMETRIC_REPRESENTATION_CONTEXT() REPRESENTATION_CONTEXT('2D SPACE',''
  ) );
#1455 = ORIENTED_EDGE('',*,*,#1216,.T.);
#1456 = ORIENTED_EDGE('',*,*,#1457,.F.);
#1457 = EDGE_CURVE('',#1072,#1217,#1458,.T.);
#1458 = SURFACE_CURVE('',#1459,(#1463,#1469),.PCURVE_S1.);
#1459 = LINE('',#1460,#1461);
#1460 = CARTESIAN_POINT('',(22.6,-7.95,2.41));
#1461 = VECTOR('',#1462,1.);
#1462 = DIRECTION('',(0.,-1.,0.));
#1463 = PCURVE('',#699,#1464);
#1464 = DEFINITIONAL_REPRESENTATION('',(#1465),#1468);
#1465 = B_SPLINE_CURVE_WITH_KNOTS('',1,(#1466,#1467),.UNSPECIFIED.,.F.,
  .F.,(2,2),(-14.45,-1.45),.PIECEWISE_BEZIER_KNOTS.);
#1466 = CARTESIAN_POINT('',(1.E-02,-15.9));
#1467 = CARTESIAN_POINT('',(1.E-02,-2.9));
#1468 = ( GEOMETRIC_REPRESENTATION_CONTEXT(2) 
PARAMETRIC_REPRESENTATION_CONTEXT() REPRESENTATION_CONTEXT('2D SPACE',''
  ) );
#1469 = PCURVE('',#1106,#1470);
#1470 = DEFINITIONAL_REPRESENTATION('',(#1471),#1474);
#1471 = B_SPLINE_CURVE_WITH_KNOTS('',1,(#1472,#1473),.UNSPECIFIED.,.F.,
  .F.,(2,2),(-14.45,-1.45),.PIECEWISE_BEZIER_KNOTS.);
#1472 = CARTESIAN_POINT('',(6.02,13.));
#1473 = CARTESIAN_POINT('',(6.02,0.));
#1474 = ( GEOMETRIC_REPRESENTATION_CONTEXT(2) 
PARAMETRIC_REPRESENTATION_CONTEXT() REPRESENTATION_CONTEXT('2D SPACE',''
  ) );
#1475 = ORIENTED_EDGE('',*,*,#1071,.F.);
#1476 = ORIENTED_EDGE('',*,*,#1477,.T.);
#1477 = EDGE_CURVE('',#1046,#1342,#1478,.T.);
#1478 = SURFACE_CURVE('',#1479,(#1483,#1490),.PCURVE_S1.);
#1479 = LINE('',#1480,#1481);
#1480 = CARTESIAN_POINT('',(22.6,-9.4,2.4));
#1481 = VECTOR('',#1482,1.);
#1482 = DIRECTION('',(-0.,1.,0.));
#1483 = PCURVE('',#699,#1484);
#1484 = DEFINITIONAL_REPRESENTATION('',(#1485),#1489);
#1485 = LINE('',#1486,#1487);
#1486 = CARTESIAN_POINT('',(0.,0.));
#1487 = VECTOR('',#1488,1.);
#1488 = DIRECTION('',(0.,-1.));
#1489 = ( GEOMETRIC_REPRESENTATION_CONTEXT(2) 
PARAMETRIC_REPRESENTATION_CONTEXT() REPRESENTATION_CONTEXT('2D SPACE',''
  ) );
#1490 = PCURVE('',#1060,#1491);
#1491 = DEFINITIONAL_REPRESENTATION('',(#1492),#1496);
#1492 = LINE('',#1493,#1494);
#1493 = CARTESIAN_POINT('',(7.8,0.));
#1494 = VECTOR('',#1495,1.);
#1495 = DIRECTION('',(0.,1.));
#1496 = ( GEOMETRIC_REPRESENTATION_CONTEXT(2) 
PARAMETRIC_REPRESENTATION_CONTEXT() REPRESENTATION_CONTEXT('2D SPACE',''
  ) );
#1497 = ORIENTED_EDGE('',*,*,#1341,.T.);
#1498 = ORIENTED_EDGE('',*,*,#686,.T.);
#1499 = ADVANCED_FACE('',(#1500),#675,.T.);
#1500 = FACE_BOUND('',#1501,.T.);
#1501 = EDGE_LOOP('',(#1502,#1503,#1526,#1547));
#1502 = ORIENTED_EDGE('',*,*,#1412,.F.);
#1503 = ORIENTED_EDGE('',*,*,#1504,.F.);
#1504 = EDGE_CURVE('',#1505,#1413,#1507,.T.);
#1505 = VERTEX_POINT('',#1506);
#1506 = CARTESIAN_POINT('',(14.8,-9.4,2.4));
#1507 = SURFACE_CURVE('',#1508,(#1512,#1519),.PCURVE_S1.);
#1508 = LINE('',#1509,#1510);
#1509 = CARTESIAN_POINT('',(14.8,-9.4,2.4));
#1510 = VECTOR('',#1511,1.);
#1511 = DIRECTION('',(1.,0.,-0.));
#1512 = PCURVE('',#675,#1513);
#1513 = DEFINITIONAL_REPRESENTATION('',(#1514),#1518);
#1514 = LINE('',#1515,#1516);
#1515 = CARTESIAN_POINT('',(0.,0.));
#1516 = VECTOR('',#1517,1.);
#1517 = DIRECTION('',(0.,1.));
#1518 = ( GEOMETRIC_REPRESENTATION_CONTEXT(2) 
PARAMETRIC_REPRESENTATION_CONTEXT() REPRESENTATION_CONTEXT('2D SPACE',''
  ) );
#1519 = PCURVE('',#1060,#1520);
#1520 = DEFINITIONAL_REPRESENTATION('',(#1521),#1525);
#1521 = LINE('',#1522,#1523);
#1522 = CARTESIAN_POINT('',(0.,0.));
#1523 = VECTOR('',#1524,1.);
#1524 = DIRECTION('',(1.,0.));
#1525 = ( GEOMETRIC_REPRESENTATION_CONTEXT(2) 
PARAMETRIC_REPRESENTATION_CONTEXT() REPRESENTATION_CONTEXT('2D SPACE',''
  ) );
#1526 = ORIENTED_EDGE('',*,*,#1527,.T.);
#1527 = EDGE_CURVE('',#1505,#635,#1528,.T.);
#1528 = SURFACE_CURVE('',#1529,(#1533,#1540),.PCURVE_S1.);
#1529 = LINE('',#1530,#1531);
#1530 = CARTESIAN_POINT('',(14.8,-9.4,2.4));
#1531 = VECTOR('',#1532,1.);
#1532 = DIRECTION('',(0.,0.,1.));
#1533 = PCURVE('',#675,#1534);
#1534 = DEFINITIONAL_REPRESENTATION('',(#1535),#1539);
#1535 = LINE('',#1536,#1537);
#1536 = CARTESIAN_POINT('',(0.,0.));
#1537 = VECTOR('',#1538,1.);
#1538 = DIRECTION('',(1.,0.));
#1539 = ( GEOMETRIC_REPRESENTATION_CONTEXT(2) 
PARAMETRIC_REPRESENTATION_CONTEXT() REPRESENTATION_CONTEXT('2D SPACE',''
  ) );
#1540 = PCURVE('',#649,#1541);
#1541 = DEFINITIONAL_REPRESENTATION('',(#1542),#1546);
#1542 = LINE('',#1543,#1544);
#1543 = CARTESIAN_POINT('',(0.,0.));
#1544 = VECTOR('',#1545,1.);
#1545 = DIRECTION('',(1.,0.));
#1546 = ( GEOMETRIC_REPRESENTATION_CONTEXT(2) 
PARAMETRIC_REPRESENTATION_CONTEXT() REPRESENTATION_CONTEXT('2D SPACE',''
  ) );
#1547 = ORIENTED_EDGE('',*,*,#660,.T.);
#1548 = ADVANCED_FACE('',(#1549,#1575),#649,.T.);
#1549 = FACE_BOUND('',#1550,.T.);
#1550 = EDGE_LOOP('',(#1551,#1552,#1573,#1574));
#1551 = ORIENTED_EDGE('',*,*,#1527,.F.);
#1552 = ORIENTED_EDGE('',*,*,#1553,.T.);
#1553 = EDGE_CURVE('',#1505,#1365,#1554,.T.);
#1554 = SURFACE_CURVE('',#1555,(#1559,#1566),.PCURVE_S1.);
#1555 = LINE('',#1556,#1557);
#1556 = CARTESIAN_POINT('',(14.8,-9.4,2.4));
#1557 = VECTOR('',#1558,1.);
#1558 = DIRECTION('',(-0.,1.,0.));
#1559 = PCURVE('',#649,#1560);
#1560 = DEFINITIONAL_REPRESENTATION('',(#1561),#1565);
#1561 = LINE('',#1562,#1563);
#1562 = CARTESIAN_POINT('',(0.,0.));
#1563 = VECTOR('',#1564,1.);
#1564 = DIRECTION('',(0.,-1.));
#1565 = ( GEOMETRIC_REPRESENTATION_CONTEXT(2) 
PARAMETRIC_REPRESENTATION_CONTEXT() REPRESENTATION_CONTEXT('2D SPACE',''
  ) );
#1566 = PCURVE('',#1060,#1567);
#1567 = DEFINITIONAL_REPRESENTATION('',(#1568),#1572);
#1568 = LINE('',#1569,#1570);
#1569 = CARTESIAN_POINT('',(0.,0.));
#1570 = VECTOR('',#1571,1.);
#1571 = DIRECTION('',(0.,1.));
#1572 = ( GEOMETRIC_REPRESENTATION_CONTEXT(2) 
PARAMETRIC_REPRESENTATION_CONTEXT() REPRESENTATION_CONTEXT('2D SPACE',''
  ) );
#1573 = ORIENTED_EDGE('',*,*,#1387,.T.);
#1574 = ORIENTED_EDGE('',*,*,#634,.T.);
#1575 = FACE_BOUND('',#1576,.T.);
#1576 = EDGE_LOOP('',(#1577,#1605,#1631,#1657));
#1577 = ORIENTED_EDGE('',*,*,#1578,.T.);
#1578 = EDGE_CURVE('',#1579,#1581,#1583,.T.);
#1579 = VERTEX_POINT('',#1580);
#1580 = CARTESIAN_POINT('',(14.8,5.,8.46));
#1581 = VERTEX_POINT('',#1582);
#1582 = CARTESIAN_POINT('',(14.8,-5.,8.46));
#1583 = SURFACE_CURVE('',#1584,(#1588,#1594),.PCURVE_S1.);
#1584 = LINE('',#1585,#1586);
#1585 = CARTESIAN_POINT('',(14.8,-7.2,8.46));
#1586 = VECTOR('',#1587,1.);
#1587 = DIRECTION('',(0.,-1.,0.));
#1588 = PCURVE('',#649,#1589);
#1589 = DEFINITIONAL_REPRESENTATION('',(#1590),#1593);
#1590 = B_SPLINE_CURVE_WITH_KNOTS('',1,(#1591,#1592),.UNSPECIFIED.,.F.,
  .F.,(2,2),(-12.2,-2.2),.PIECEWISE_BEZIER_KNOTS.);
#1591 = CARTESIAN_POINT('',(6.06,-14.4));
#1592 = CARTESIAN_POINT('',(6.06,-4.4));
#1593 = ( GEOMETRIC_REPRESENTATION_CONTEXT(2) 
PARAMETRIC_REPRESENTATION_CONTEXT() REPRESENTATION_CONTEXT('2D SPACE',''
  ) );
#1594 = PCURVE('',#1595,#1600);
#1595 = PLANE('',#1596);
#1596 = AXIS2_PLACEMENT_3D('',#1597,#1598,#1599);
#1597 = CARTESIAN_POINT('',(8.,-5.,8.46));
#1598 = DIRECTION('',(0.,0.,1.));
#1599 = DIRECTION('',(1.,0.,-0.));
#1600 = DEFINITIONAL_REPRESENTATION('',(#1601),#1604);
#1601 = B_SPLINE_CURVE_WITH_KNOTS('',1,(#1602,#1603),.UNSPECIFIED.,.F.,
  .F.,(2,2),(-12.2,-2.2),.PIECEWISE_BEZIER_KNOTS.);
#1602 = CARTESIAN_POINT('',(6.8,10.));
#1603 = CARTESIAN_POINT('',(6.8,0.));
#1604 = ( GEOMETRIC_REPRESENTATION_CONTEXT(2) 
PARAMETRIC_REPRESENTATION_CONTEXT() REPRESENTATION_CONTEXT('2D SPACE',''
  ) );
#1605 = ORIENTED_EDGE('',*,*,#1606,.T.);
#1606 = EDGE_CURVE('',#1581,#1607,#1609,.T.);
#1607 = VERTEX_POINT('',#1608);
#1608 = CARTESIAN_POINT('',(14.8,-5.,19.96));
#1609 = SURFACE_CURVE('',#1610,(#1614,#1620),.PCURVE_S1.);
#1610 = LINE('',#1611,#1612);
#1611 = CARTESIAN_POINT('',(14.8,-5.,5.43));
#1612 = VECTOR('',#1613,1.);
#1613 = DIRECTION('',(0.,0.,1.));
#1614 = PCURVE('',#649,#1615);
#1615 = DEFINITIONAL_REPRESENTATION('',(#1616),#1619);
#1616 = B_SPLINE_CURVE_WITH_KNOTS('',1,(#1617,#1618),.UNSPECIFIED.,.F.,
  .F.,(2,2),(3.03,14.53),.PIECEWISE_BEZIER_KNOTS.);
#1617 = CARTESIAN_POINT('',(6.06,-4.4));
#1618 = CARTESIAN_POINT('',(17.56,-4.4));
#1619 = ( GEOMETRIC_REPRESENTATION_CONTEXT(2) 
PARAMETRIC_REPRESENTATION_CONTEXT() REPRESENTATION_CONTEXT('2D SPACE',''
  ) );
#1620 = PCURVE('',#1621,#1626);
#1621 = PLANE('',#1622);
#1622 = AXIS2_PLACEMENT_3D('',#1623,#1624,#1625);
#1623 = CARTESIAN_POINT('',(8.,-5.,8.46));
#1624 = DIRECTION('',(-0.,1.,0.));
#1625 = DIRECTION('',(0.,0.,1.));
#1626 = DEFINITIONAL_REPRESENTATION('',(#1627),#1630);
#1627 = B_SPLINE_CURVE_WITH_KNOTS('',1,(#1628,#1629),.UNSPECIFIED.,.F.,
  .F.,(2,2),(3.03,14.53),.PIECEWISE_BEZIER_KNOTS.);
#1628 = CARTESIAN_POINT('',(0.,6.8));
#1629 = CARTESIAN_POINT('',(11.5,6.8));
#1630 = ( GEOMETRIC_REPRESENTATION_CONTEXT(2) 
PARAMETRIC_REPRESENTATION_CONTEXT() REPRESENTATION_CONTEXT('2D SPACE',''
  ) );
#1631 = ORIENTED_EDGE('',*,*,#1632,.F.);
#1632 = EDGE_CURVE('',#1633,#1607,#1635,.T.);
#1633 = VERTEX_POINT('',#1634);
#1634 = CARTESIAN_POINT('',(14.8,5.,19.96));
#1635 = SURFACE_CURVE('',#1636,(#1640,#1646),.PCURVE_S1.);
#1636 = LINE('',#1637,#1638);
#1637 = CARTESIAN_POINT('',(14.8,-7.2,19.96));
#1638 = VECTOR('',#1639,1.);
#1639 = DIRECTION('',(0.,-1.,0.));
#1640 = PCURVE('',#649,#1641);
#1641 = DEFINITIONAL_REPRESENTATION('',(#1642),#1645);
#1642 = B_SPLINE_CURVE_WITH_KNOTS('',1,(#1643,#1644),.UNSPECIFIED.,.F.,
  .F.,(2,2),(-12.2,-2.2),.PIECEWISE_BEZIER_KNOTS.);
#1643 = CARTESIAN_POINT('',(17.56,-14.4));
#1644 = CARTESIAN_POINT('',(17.56,-4.4));
#1645 = ( GEOMETRIC_REPRESENTATION_CONTEXT(2) 
PARAMETRIC_REPRESENTATION_CONTEXT() REPRESENTATION_CONTEXT('2D SPACE',''
  ) );
#1646 = PCURVE('',#1647,#1652);
#1647 = PLANE('',#1648);
#1648 = AXIS2_PLACEMENT_3D('',#1649,#1650,#1651);
#1649 = CARTESIAN_POINT('',(8.,-5.,19.96));
#1650 = DIRECTION('',(0.,0.,1.));
#1651 = DIRECTION('',(1.,0.,-0.));
#1652 = DEFINITIONAL_REPRESENTATION('',(#1653),#1656);
#1653 = B_SPLINE_CURVE_WITH_KNOTS('',1,(#1654,#1655),.UNSPECIFIED.,.F.,
  .F.,(2,2),(-12.2,-2.2),.PIECEWISE_BEZIER_KNOTS.);
#1654 = CARTESIAN_POINT('',(6.8,10.));
#1655 = CARTESIAN_POINT('',(6.8,0.));
#1656 = ( GEOMETRIC_REPRESENTATION_CONTEXT(2) 
PARAMETRIC_REPRESENTATION_CONTEXT() REPRESENTATION_CONTEXT('2D SPACE',''
  ) );
#1657 = ORIENTED_EDGE('',*,*,#1658,.F.);
#1658 = EDGE_CURVE('',#1579,#1633,#1659,.T.);
#1659 = SURFACE_CURVE('',#1660,(#1664,#1670),.PCURVE_S1.);
#1660 = LINE('',#1661,#1662);
#1661 = CARTESIAN_POINT('',(14.8,5.,5.43));
#1662 = VECTOR('',#1663,1.);
#1663 = DIRECTION('',(0.,0.,1.));
#1664 = PCURVE('',#649,#1665);
#1665 = DEFINITIONAL_REPRESENTATION('',(#1666),#1669);
#1666 = B_SPLINE_CURVE_WITH_KNOTS('',1,(#1667,#1668),.UNSPECIFIED.,.F.,
  .F.,(2,2),(3.03,14.53),.PIECEWISE_BEZIER_KNOTS.);
#1667 = CARTESIAN_POINT('',(6.06,-14.4));
#1668 = CARTESIAN_POINT('',(17.56,-14.4));
#1669 = ( GEOMETRIC_REPRESENTATION_CONTEXT(2) 
PARAMETRIC_REPRESENTATION_CONTEXT() REPRESENTATION_CONTEXT('2D SPACE',''
  ) );
#1670 = PCURVE('',#1671,#1676);
#1671 = PLANE('',#1672);
#1672 = AXIS2_PLACEMENT_3D('',#1673,#1674,#1675);
#1673 = CARTESIAN_POINT('',(8.,5.,8.46));
#1674 = DIRECTION('',(-0.,1.,0.));
#1675 = DIRECTION('',(0.,0.,1.));
#1676 = DEFINITIONAL_REPRESENTATION('',(#1677),#1680);
#1677 = B_SPLINE_CURVE_WITH_KNOTS('',1,(#1678,#1679),.UNSPECIFIED.,.F.,
  .F.,(2,2),(3.03,14.53),.PIECEWISE_BEZIER_KNOTS.);
#1678 = CARTESIAN_POINT('',(0.,6.8));
#1679 = CARTESIAN_POINT('',(11.5,6.8));
#1680 = ( GEOMETRIC_REPRESENTATION_CONTEXT(2) 
PARAMETRIC_REPRESENTATION_CONTEXT() REPRESENTATION_CONTEXT('2D SPACE',''
  ) );
#1681 = ADVANCED_FACE('',(#1682,#1826),#733,.F.);
#1682 = FACE_BOUND('',#1683,.F.);
#1683 = EDGE_LOOP('',(#1684,#1710,#1731,#1732,#1733,#1757,#1778,#1807));
#1684 = ORIENTED_EDGE('',*,*,#1685,.T.);
#1685 = EDGE_CURVE('',#1686,#1688,#1690,.T.);
#1686 = VERTEX_POINT('',#1687);
#1687 = CARTESIAN_POINT('',(12.21638244326,-5.,19.96));
#1688 = VERTEX_POINT('',#1689);
#1689 = CARTESIAN_POINT('',(13.2,-3.233067549749E-15,19.96));
#1690 = SURFACE_CURVE('',#1691,(#1696,#1703),.PCURVE_S1.);
#1691 = CIRCLE('',#1692,13.2);
#1692 = AXIS2_PLACEMENT_3D('',#1693,#1694,#1695);
#1693 = CARTESIAN_POINT('',(0.,0.,19.96));
#1694 = DIRECTION('',(0.,0.,1.));
#1695 = DIRECTION('',(1.,0.,-0.));
#1696 = PCURVE('',#733,#1697);
#1697 = DEFINITIONAL_REPRESENTATION('',(#1698),#1702);
#1698 = LINE('',#1699,#1700);
#1699 = CARTESIAN_POINT('',(0.,6.));
#1700 = VECTOR('',#1701,1.);
#1701 = DIRECTION('',(1.,0.));
#1702 = ( GEOMETRIC_REPRESENTATION_CONTEXT(2) 
PARAMETRIC_REPRESENTATION_CONTEXT() REPRESENTATION_CONTEXT('2D SPACE',''
  ) );
#1703 = PCURVE('',#1647,#1704);
#1704 = DEFINITIONAL_REPRESENTATION('',(#1705),#1709);
#1705 = CIRCLE('',#1706,13.2);
#1706 = AXIS2_PLACEMENT_2D('',#1707,#1708);
#1707 = CARTESIAN_POINT('',(-8.,5.));
#1708 = DIRECTION('',(1.,0.));
#1709 = ( GEOMETRIC_REPRESENTATION_CONTEXT(2) 
PARAMETRIC_REPRESENTATION_CONTEXT() REPRESENTATION_CONTEXT('2D SPACE',''
  ) );
#1710 = ORIENTED_EDGE('',*,*,#1711,.T.);
#1711 = EDGE_CURVE('',#1688,#713,#1712,.T.);
#1712 = SEAM_CURVE('',#1713,(#1717,#1724),.PCURVE_S1.);
#1713 = LINE('',#1714,#1715);
#1714 = CARTESIAN_POINT('',(13.2,-3.233067549749E-15,13.96));
#1715 = VECTOR('',#1716,1.);
#1716 = DIRECTION('',(0.,0.,1.));
#1717 = PCURVE('',#733,#1718);
#1718 = DEFINITIONAL_REPRESENTATION('',(#1719),#1723);
#1719 = LINE('',#1720,#1721);
#1720 = CARTESIAN_POINT('',(0.,-0.));
#1721 = VECTOR('',#1722,1.);
#1722 = DIRECTION('',(0.,1.));
#1723 = ( GEOMETRIC_REPRESENTATION_CONTEXT(2) 
PARAMETRIC_REPRESENTATION_CONTEXT() REPRESENTATION_CONTEXT('2D SPACE',''
  ) );
#1724 = PCURVE('',#733,#1725);
#1725 = DEFINITIONAL_REPRESENTATION('',(#1726),#1730);
#1726 = LINE('',#1727,#1728);
#1727 = CARTESIAN_POINT('',(6.28318530718,-0.));
#1728 = VECTOR('',#1729,1.);
#1729 = DIRECTION('',(0.,1.));
#1730 = ( GEOMETRIC_REPRESENTATION_CONTEXT(2) 
PARAMETRIC_REPRESENTATION_CONTEXT() REPRESENTATION_CONTEXT('2D SPACE',''
  ) );
#1731 = ORIENTED_EDGE('',*,*,#712,.F.);
#1732 = ORIENTED_EDGE('',*,*,#1711,.F.);
#1733 = ORIENTED_EDGE('',*,*,#1734,.T.);
#1734 = EDGE_CURVE('',#1688,#1735,#1737,.T.);
#1735 = VERTEX_POINT('',#1736);
#1736 = CARTESIAN_POINT('',(12.21638244326,5.,19.96));
#1737 = SURFACE_CURVE('',#1738,(#1743,#1750),.PCURVE_S1.);
#1738 = CIRCLE('',#1739,13.2);
#1739 = AXIS2_PLACEMENT_3D('',#1740,#1741,#1742);
#1740 = CARTESIAN_POINT('',(0.,0.,19.96));
#1741 = DIRECTION('',(0.,0.,1.));
#1742 = DIRECTION('',(1.,0.,-0.));
#1743 = PCURVE('',#733,#1744);
#1744 = DEFINITIONAL_REPRESENTATION('',(#1745),#1749);
#1745 = LINE('',#1746,#1747);
#1746 = CARTESIAN_POINT('',(0.,6.));
#1747 = VECTOR('',#1748,1.);
#1748 = DIRECTION('',(1.,0.));
#1749 = ( GEOMETRIC_REPRESENTATION_CONTEXT(2) 
PARAMETRIC_REPRESENTATION_CONTEXT() REPRESENTATION_CONTEXT('2D SPACE',''
  ) );
#1750 = PCURVE('',#1647,#1751);
#1751 = DEFINITIONAL_REPRESENTATION('',(#1752),#1756);
#1752 = CIRCLE('',#1753,13.2);
#1753 = AXIS2_PLACEMENT_2D('',#1754,#1755);
#1754 = CARTESIAN_POINT('',(-8.,5.));
#1755 = DIRECTION('',(1.,0.));
#1756 = ( GEOMETRIC_REPRESENTATION_CONTEXT(2) 
PARAMETRIC_REPRESENTATION_CONTEXT() REPRESENTATION_CONTEXT('2D SPACE',''
  ) );
#1757 = ORIENTED_EDGE('',*,*,#1758,.F.);
#1758 = EDGE_CURVE('',#1759,#1735,#1761,.T.);
#1759 = VERTEX_POINT('',#1760);
#1760 = CARTESIAN_POINT('',(12.21638244326,5.,13.96));
#1761 = SURFACE_CURVE('',#1762,(#1766,#1772),.PCURVE_S1.);
#1762 = LINE('',#1763,#1764);
#1763 = CARTESIAN_POINT('',(12.21638244326,5.,13.96));
#1764 = VECTOR('',#1765,1.);
#1765 = DIRECTION('',(0.,0.,1.));
#1766 = PCURVE('',#733,#1767);
#1767 = DEFINITIONAL_REPRESENTATION('',(#1768),#1771);
#1768 = B_SPLINE_CURVE_WITH_KNOTS('',1,(#1769,#1770),.UNSPECIFIED.,.F.,
  .F.,(2,2),(-5.999999999062E-07,7.15),.PIECEWISE_BEZIER_KNOTS.);
#1769 = CARTESIAN_POINT('',(0.388486228183,-5.999999999062E-07));
#1770 = CARTESIAN_POINT('',(0.388486228183,7.15));
#1771 = ( GEOMETRIC_REPRESENTATION_CONTEXT(2) 
PARAMETRIC_REPRESENTATION_CONTEXT() REPRESENTATION_CONTEXT('2D SPACE',''
  ) );
#1772 = PCURVE('',#1671,#1773);
#1773 = DEFINITIONAL_REPRESENTATION('',(#1774),#1777);
#1774 = B_SPLINE_CURVE_WITH_KNOTS('',1,(#1775,#1776),.UNSPECIFIED.,.F.,
  .F.,(2,2),(-5.999999999062E-07,7.15),.PIECEWISE_BEZIER_KNOTS.);
#1775 = CARTESIAN_POINT('',(5.4999994,4.21638244326));
#1776 = CARTESIAN_POINT('',(12.65,4.21638244326));
#1777 = ( GEOMETRIC_REPRESENTATION_CONTEXT(2) 
PARAMETRIC_REPRESENTATION_CONTEXT() REPRESENTATION_CONTEXT('2D SPACE',''
  ) );
#1778 = ORIENTED_EDGE('',*,*,#1779,.T.);
#1779 = EDGE_CURVE('',#1759,#1780,#1782,.T.);
#1780 = VERTEX_POINT('',#1781);
#1781 = CARTESIAN_POINT('',(12.21638244326,-5.,13.96));
#1782 = SURFACE_CURVE('',#1783,(#1788,#1795),.PCURVE_S1.);
#1783 = CIRCLE('',#1784,13.2);
#1784 = AXIS2_PLACEMENT_3D('',#1785,#1786,#1787);
#1785 = CARTESIAN_POINT('',(0.,0.,13.96));
#1786 = DIRECTION('',(0.,0.,1.));
#1787 = DIRECTION('',(1.,0.,-0.));
#1788 = PCURVE('',#733,#1789);
#1789 = DEFINITIONAL_REPRESENTATION('',(#1790),#1794);
#1790 = LINE('',#1791,#1792);
#1791 = CARTESIAN_POINT('',(0.,0.));
#1792 = VECTOR('',#1793,1.);
#1793 = DIRECTION('',(1.,0.));
#1794 = ( GEOMETRIC_REPRESENTATION_CONTEXT(2) 
PARAMETRIC_REPRESENTATION_CONTEXT() REPRESENTATION_CONTEXT('2D SPACE',''
  ) );
#1795 = PCURVE('',#1796,#1801);
#1796 = PLANE('',#1797);
#1797 = AXIS2_PLACEMENT_3D('',#1798,#1799,#1800);
#1798 = CARTESIAN_POINT('',(0.,0.,13.96));
#1799 = DIRECTION('',(0.,0.,1.));
#1800 = DIRECTION('',(1.,0.,-0.));
#1801 = DEFINITIONAL_REPRESENTATION('',(#1802),#1806);
#1802 = CIRCLE('',#1803,13.2);
#1803 = AXIS2_PLACEMENT_2D('',#1804,#1805);
#1804 = CARTESIAN_POINT('',(0.,0.));
#1805 = DIRECTION('',(1.,0.));
#1806 = ( GEOMETRIC_REPRESENTATION_CONTEXT(2) 
PARAMETRIC_REPRESENTATION_CONTEXT() REPRESENTATION_CONTEXT('2D SPACE',''
  ) );
#1807 = ORIENTED_EDGE('',*,*,#1808,.T.);
#1808 = EDGE_CURVE('',#1780,#1686,#1809,.T.);
#1809 = SURFACE_CURVE('',#1810,(#1814,#1820),.PCURVE_S1.);
#1810 = LINE('',#1811,#1812);
#1811 = CARTESIAN_POINT('',(12.21638244326,-5.,13.96));
#1812 = VECTOR('',#1813,1.);
#1813 = DIRECTION('',(0.,0.,1.));
#1814 = PCURVE('',#733,#1815);
#1815 = DEFINITIONAL_REPRESENTATION('',(#1816),#1819);
#1816 = B_SPLINE_CURVE_WITH_KNOTS('',1,(#1817,#1818),.UNSPECIFIED.,.F.,
  .F.,(2,2),(-5.999999999062E-07,7.15),.PIECEWISE_BEZIER_KNOTS.);
#1817 = CARTESIAN_POINT('',(5.894699078997,-5.999999999062E-07));
#1818 = CARTESIAN_POINT('',(5.894699078997,7.15));
#1819 = ( GEOMETRIC_REPRESENTATION_CONTEXT(2) 
PARAMETRIC_REPRESENTATION_CONTEXT() REPRESENTATION_CONTEXT('2D SPACE',''
  ) );
#1820 = PCURVE('',#1621,#1821);
#1821 = DEFINITIONAL_REPRESENTATION('',(#1822),#1825);
#1822 = B_SPLINE_CURVE_WITH_KNOTS('',1,(#1823,#1824),.UNSPECIFIED.,.F.,
  .F.,(2,2),(-5.999999999062E-07,7.15),.PIECEWISE_BEZIER_KNOTS.);
#1823 = CARTESIAN_POINT('',(5.4999994,4.21638244326));
#1824 = CARTESIAN_POINT('',(12.65,4.21638244326));
#1825 = ( GEOMETRIC_REPRESENTATION_CONTEXT(2) 
PARAMETRIC_REPRESENTATION_CONTEXT() REPRESENTATION_CONTEXT('2D SPACE',''
  ) );
#1826 = FACE_BOUND('',#1827,.F.);
#1827 = EDGE_LOOP('',(#1828));
#1828 = ORIENTED_EDGE('',*,*,#1829,.T.);
#1829 = EDGE_CURVE('',#1830,#1830,#1832,.T.);
#1830 = VERTEX_POINT('',#1831);
#1831 = CARTESIAN_POINT('',(-13.2,-3.184081677783E-16,27.66));
#1832 = SURFACE_CURVE('',#1833,(#1884,#1938),.PCURVE_S1.);
#1833 = B_SPLINE_CURVE_WITH_KNOTS('',7,(#1834,#1835,#1836,#1837,#1838,
    #1839,#1840,#1841,#1842,#1843,#1844,#1845,#1846,#1847,#1848,#1849,
    #1850,#1851,#1852,#1853,#1854,#1855,#1856,#1857,#1858,#1859,#1860,
    #1861,#1862,#1863,#1864,#1865,#1866,#1867,#1868,#1869,#1870,#1871,
    #1872,#1873,#1874,#1875,#1876,#1877,#1878,#1879,#1880,#1881,#1882,
    #1883),.UNSPECIFIED.,.T.,.F.,(8,6,6,6,6,6,6,6,8),(0.,0.129301943932,
    0.248750864515,0.36819819892,0.472121248859,0.588886051175,
    0.749374331697,0.869742358964,1.),.UNSPECIFIED.);
#1834 = CARTESIAN_POINT('',(-13.2,6.661338147751E-16,27.66));
#1835 = CARTESIAN_POINT('',(-13.2,0.176230046654,27.66));
#1836 = CARTESIAN_POINT('',(-13.19725499465,0.348656919289,
    27.687871516068));
#1837 = CARTESIAN_POINT('',(-13.19197874157,0.512046954836,
    27.741450412639));
#1838 = CARTESIAN_POINT('',(-13.18486119244,0.661888360736,
    27.817435618404));
#1839 = CARTESIAN_POINT('',(-13.17691451325,0.794630791021,
    27.911460099846));
#1840 = CARTESIAN_POINT('',(-13.16906532588,0.908039314983,
    28.018172123265));
#1841 = CARTESIAN_POINT('',(-13.15535750612,1.088160514364,
    28.235901251224));
#1842 = CARTESIAN_POINT('',(-13.14926127081,1.159501222123,
    28.348060003777));
#1843 = CARTESIAN_POINT('',(-13.14404500093,1.216024997661,
    28.46562054297));
#1844 = CARTESIAN_POINT('',(-13.13997534896,1.258102247233,
    28.586895545948));
#1845 = CARTESIAN_POINT('',(-13.13721101467,1.286034029862,
    28.710505186131));
#1846 = CARTESIAN_POINT('',(-13.13582886612,1.3,28.835251490813));
#1847 = CARTESIAN_POINT('',(-13.13582886612,1.3,29.084746852635));
#1848 = CARTESIAN_POINT('',(-13.13721097622,1.286034409756,
    29.209492389036));
#1849 = CARTESIAN_POINT('',(-13.13997527853,1.258102981654,
    29.333102694815));
#1850 = CARTESIAN_POINT('',(-13.14404495542,1.216025481402,
    29.454379441183));
#1851 = CARTESIAN_POINT('',(-13.14926134526,1.159500606474,
    29.571941784402));
#1852 = CARTESIAN_POINT('',(-13.15535764022,1.088158752327,
    29.684100878713));
#1853 = CARTESIAN_POINT('',(-13.16766674015,0.926416777125,
    29.879613341077));
#1854 = CARTESIAN_POINT('',(-13.17380972857,0.839061638301,
    29.965585686713));
#1855 = CARTESIAN_POINT('',(-13.18006523343,0.739776106624,
    30.044042078832));
#1856 = CARTESIAN_POINT('',(-13.18602480204,0.629247692706,
    30.112582858383));
#1857 = CARTESIAN_POINT('',(-13.19122991093,0.50860847758,
    30.168956099764));
#1858 = CARTESIAN_POINT('',(-13.19524547158,0.379403435032,
    30.211066716659));
#1859 = CARTESIAN_POINT('',(-13.20056852332,9.100624688348E-02,
    30.26608142259));
#1860 = CARTESIAN_POINT('',(-13.20142129397,-6.675911062927E-02,
    30.274130618165));
#1861 = CARTESIAN_POINT('',(-13.19997242264,-0.224818012676,
    30.259606727958));
#1862 = CARTESIAN_POINT('',(-13.19625050062,-0.377944238731,
    30.222940714586));
#1863 = CARTESIAN_POINT('',(-13.19080621349,-0.52125425891,
    30.16640588122));
#1864 = CARTESIAN_POINT('',(-13.18443646093,-0.650786497525,
    30.094064303646));
#1865 = CARTESIAN_POINT('',(-13.16883221054,-0.91989407007,
    29.898546207584));
#1866 = CARTESIAN_POINT('',(-13.15921152593,-1.048633685763,
    29.76388709009));
#1867 = CARTESIAN_POINT('',(-13.15035127634,-1.150227049476,
    29.61492045045));
#1868 = CARTESIAN_POINT('',(-13.14320644273,-1.225460332619,
    29.456618722763));
#1869 = CARTESIAN_POINT('',(-13.13828566518,-1.27517366766,
    29.292755178416));
#1870 = CARTESIAN_POINT('',(-13.13582886612,-1.3,29.126326628555));
#1871 = CARTESIAN_POINT('',(-13.13582886612,-1.3,28.835253145613));
#1872 = CARTESIAN_POINT('',(-13.13721097625,-1.286034409342,
    28.710507615325));
#1873 = CARTESIAN_POINT('',(-13.13997527838,-1.258102983667,
    28.586897301962));
#1874 = CARTESIAN_POINT('',(-13.14404495571,-1.216025477546,
    28.465620557242));
#1875 = CARTESIAN_POINT('',(-13.14926134499,-1.159500609993,
    28.348058219209));
#1876 = CARTESIAN_POINT('',(-13.15535764032,-1.088158750969,
    28.235899119645));
#1877 = CARTESIAN_POINT('',(-13.16906303564,-0.90806940877,
    28.018208500405));
#1878 = CARTESIAN_POINT('',(-13.17691278037,-0.794660144631,
    27.911476029991));
#1879 = CARTESIAN_POINT('',(-13.18486212069,-0.661886343052,
    27.817420134364));
#1880 = CARTESIAN_POINT('',(-13.19198177507,-0.512000242359,
    27.741419705182));
#1881 = CARTESIAN_POINT('',(-13.19725712673,-0.348578658272,
    27.687849853503));
#1882 = CARTESIAN_POINT('',(-13.2,-0.176161554135,27.66));
#1883 = CARTESIAN_POINT('',(-13.2,6.661338147751E-16,27.66));
#1884 = PCURVE('',#733,#1885);
#1885 = DEFINITIONAL_REPRESENTATION('',(#1886),#1937);
#1886 = B_SPLINE_CURVE_WITH_KNOTS('',7,(#1887,#1888,#1889,#1890,#1891,
    #1892,#1893,#1894,#1895,#1896,#1897,#1898,#1899,#1900,#1901,#1902,
    #1903,#1904,#1905,#1906,#1907,#1908,#1909,#1910,#1911,#1912,#1913,
    #1914,#1915,#1916,#1917,#1918,#1919,#1920,#1921,#1922,#1923,#1924,
    #1925,#1926,#1927,#1928,#1929,#1930,#1931,#1932,#1933,#1934,#1935,
    #1936),.UNSPECIFIED.,.T.,.F.,(8,6,6,6,6,6,6,6,8),(0.,0.129301943932,
    0.248750864515,0.36819819892,0.472121248859,0.588886051175,
    0.749374331697,0.869742358964,1.),.UNSPECIFIED.);
#1887 = CARTESIAN_POINT('',(3.14159265359,13.7));
#1888 = CARTESIAN_POINT('',(3.12824189248,13.7));
#1889 = CARTESIAN_POINT('',(3.115179244982,13.727871516068));
#1890 = CARTESIAN_POINT('',(3.102797356464,13.781450412639));
#1891 = CARTESIAN_POINT('',(3.091434737018,13.857435618404));
#1892 = CARTESIAN_POINT('',(3.081361190777,13.951460099846));
#1893 = CARTESIAN_POINT('',(3.072749289929,14.058172123265));
#1894 = CARTESIAN_POINT('',(3.059064286024,14.275901251224));
#1895 = CARTESIAN_POINT('',(3.05364022433,14.388060003777));
#1896 = CARTESIAN_POINT('',(3.049340016132,14.50562054297));
#1897 = CARTESIAN_POINT('',(3.046137479626,14.626895545948));
#1898 = CARTESIAN_POINT('',(3.044011097712,14.750505186131));
#1899 = CARTESIAN_POINT('',(3.042947901075,14.875251490813));
#1900 = CARTESIAN_POINT('',(3.042947901075,15.124746852635));
#1901 = CARTESIAN_POINT('',(3.044011068787,15.249492389036));
#1902 = CARTESIAN_POINT('',(3.046137423726,15.373102694815));
#1903 = CARTESIAN_POINT('',(3.04933997934,15.494379441182));
#1904 = CARTESIAN_POINT('',(3.053640271268,15.611941784402));
#1905 = CARTESIAN_POINT('',(3.059064419897,15.724100878713));
#1906 = CARTESIAN_POINT('',(3.071353032065,15.919613341077));
#1907 = CARTESIAN_POINT('',(3.077987073906,16.005585686713));
#1908 = CARTESIAN_POINT('',(3.085523302177,16.084042078832));
#1909 = CARTESIAN_POINT('',(3.093908113972,16.152582858383));
#1910 = CARTESIAN_POINT('',(3.103054966439,16.208956099764));
#1911 = CARTESIAN_POINT('',(3.112847169143,16.251066716659));
#1912 = CARTESIAN_POINT('',(3.134699162227,16.30608142259));
#1913 = CARTESIAN_POINT('',(3.1466502453,16.314130618165));
#1914 = CARTESIAN_POINT('',(3.158622836915,16.299606727958));
#1915 = CARTESIAN_POINT('',(3.170224538855,16.262940714586));
#1916 = CARTESIAN_POINT('',(3.18108809663,16.20640588122));
#1917 = CARTESIAN_POINT('',(3.190912618329,16.134064303646));
#1918 = CARTESIAN_POINT('',(3.211333800186,15.938546207584));
#1919 = CARTESIAN_POINT('',(3.221112634907,15.80388709009));
#1920 = CARTESIAN_POINT('',(3.228837765132,15.65492045045));
#1921 = CARTESIAN_POINT('',(3.234562877692,15.496618722763));
#1922 = CARTESIAN_POINT('',(3.238347434598,15.332755178415));
#1923 = CARTESIAN_POINT('',(3.240237406104,15.166326628555));
#1924 = CARTESIAN_POINT('',(3.240237406104,14.875253145613));
#1925 = CARTESIAN_POINT('',(3.239174238361,14.750507615325));
#1926 = CARTESIAN_POINT('',(3.237047883606,14.626897301962));
#1927 = CARTESIAN_POINT('',(3.233845327547,14.505620557242));
#1928 = CARTESIAN_POINT('',(3.229545036179,14.388058219209));
#1929 = CARTESIAN_POINT('',(3.224120887179,14.275899119645));
#1930 = CARTESIAN_POINT('',(3.210438303675,14.058208500405));
#1931 = CARTESIAN_POINT('',(3.201826343831,13.951476029991));
#1932 = CARTESIAN_POINT('',(3.191750412479,13.857420134364));
#1933 = CARTESIAN_POINT('',(3.18038440701,13.781419705182));
#1934 = CARTESIAN_POINT('',(3.168000133367,13.727849853503));
#1935 = CARTESIAN_POINT('',(3.154938225873,13.7));
#1936 = CARTESIAN_POINT('',(3.14159265359,13.7));
#1937 = ( GEOMETRIC_REPRESENTATION_CONTEXT(2) 
PARAMETRIC_REPRESENTATION_CONTEXT() REPRESENTATION_CONTEXT('2D SPACE',''
  ) );
#1938 = PCURVE('',#930,#1939);
#1939 = DEFINITIONAL_REPRESENTATION('',(#1940),#1991);
#1940 = B_SPLINE_CURVE_WITH_KNOTS('',7,(#1941,#1942,#1943,#1944,#1945,
    #1946,#1947,#1948,#1949,#1950,#1951,#1952,#1953,#1954,#1955,#1956,
    #1957,#1958,#1959,#1960,#1961,#1962,#1963,#1964,#1965,#1966,#1967,
    #1968,#1969,#1970,#1971,#1972,#1973,#1974,#1975,#1976,#1977,#1978,
    #1979,#1980,#1981,#1982,#1983,#1984,#1985,#1986,#1987,#1988,#1989,
    #1990),.UNSPECIFIED.,.F.,.F.,(8,6,6,6,6,6,6,6,8),(0.,0.129301943932,
    0.248750864515,0.36819819892,0.472121248859,0.588886051175,
    0.749374331697,0.869742358964,1.),.UNSPECIFIED.);
#1941 = CARTESIAN_POINT('',(0.,3.4));
#1942 = CARTESIAN_POINT('',(0.135561574349,3.4));
#1943 = CARTESIAN_POINT('',(0.268197566169,3.402745005346));
#1944 = CARTESIAN_POINT('',(0.397951381048,3.408021258421));
#1945 = CARTESIAN_POINT('',(0.524630787573,3.415138807559));
#1946 = CARTESIAN_POINT('',(0.647801925221,3.423085486749));
#1947 = CARTESIAN_POINT('',(0.766657628825,3.430934674114));
#1948 = CARTESIAN_POINT('',(0.984024359577,3.444642493872));
#1949 = CARTESIAN_POINT('',(1.085481409629,3.450738729185));
#1950 = CARTESIAN_POINT('',(1.18473191754,3.455954999062));
#1951 = CARTESIAN_POINT('',(1.282349379495,3.460024651036));
#1952 = CARTESIAN_POINT('',(1.378877302327,3.462788985329));
#1953 = CARTESIAN_POINT('',(1.474835935113,3.46417113388));
#1954 = CARTESIAN_POINT('',(1.666755444206,3.46417113388));
#1955 = CARTESIAN_POINT('',(1.762713479948,3.462789023771));
#1956 = CARTESIAN_POINT('',(1.859241873306,3.460024721467));
#1957 = CARTESIAN_POINT('',(1.956860589441,3.455955044578));
#1958 = CARTESIAN_POINT('',(2.056112609172,3.450738654731));
#1959 = CARTESIAN_POINT('',(2.157570420405,3.444642359775));
#1960 = CARTESIAN_POINT('',(2.352757463883,3.432333259841));
#1961 = CARTESIAN_POINT('',(2.4465462149,3.426190271421));
#1962 = CARTESIAN_POINT('',(2.542952306178,3.419934766564));
#1963 = CARTESIAN_POINT('',(2.641802710538,3.413975197959));
#1964 = CARTESIAN_POINT('',(2.743047757725,3.408770089061));
#1965 = CARTESIAN_POINT('',(2.846745839673,3.40475452842));
#1966 = CARTESIAN_POINT('',(3.072590154275,3.399431476672));
#1967 = CARTESIAN_POINT('',(3.192958453919,3.39857870603));
#1968 = CARTESIAN_POINT('',(3.31308340786,3.400027577351));
#1969 = CARTESIAN_POINT('',(3.43204212045,3.403749499372));
#1970 = CARTESIAN_POINT('',(3.548830882278,3.409193786507));
#1971 = CARTESIAN_POINT('',(3.662150463825,3.415563539063));
#1972 = CARTESIAN_POINT('',(3.918023735306,3.431167789452));
#1973 = CARTESIAN_POINT('',(4.059027029349,3.440788474062));
#1974 = CARTESIAN_POINT('',(4.194906258978,3.449648723659));
#1975 = CARTESIAN_POINT('',(4.326950728341,3.456793557269));
#1976 = CARTESIAN_POINT('',(4.456424303294,3.461714334812));
#1977 = CARTESIAN_POINT('',(4.584445419958,3.46417113388));
#1978 = CARTESIAN_POINT('',(4.808348099144,3.46417113388));
#1979 = CARTESIAN_POINT('',(4.904306130339,3.462789023744));
#1980 = CARTESIAN_POINT('',(5.000834528762,3.460024721613));
#1981 = CARTESIAN_POINT('',(5.09845324531,3.455955044285));
#1982 = CARTESIAN_POINT('',(5.197705259033,3.450738655001));
#1983 = CARTESIAN_POINT('',(5.299163075633,3.444642359671));
#1984 = CARTESIAN_POINT('',(5.516491361762,3.430936964351));
#1985 = CARTESIAN_POINT('',(5.635359557888,3.42308721963));
#1986 = CARTESIAN_POINT('',(5.758562363486,3.415137879302));
#1987 = CARTESIAN_POINT('',(5.885274550325,3.408018224921));
#1988 = CARTESIAN_POINT('',(6.015047951695,3.402742873267));
#1989 = CARTESIAN_POINT('',(6.147676419383,3.4));
#1990 = CARTESIAN_POINT('',(6.28318530718,3.4));
#1991 = ( GEOMETRIC_REPRESENTATION_CONTEXT(2) 
PARAMETRIC_REPRESENTATION_CONTEXT() REPRESENTATION_CONTEXT('2D SPACE',''
  ) );
#1992 = ADVANCED_FACE('',(#1993),#930,.F.);
#1993 = FACE_BOUND('',#1994,.F.);
#1994 = EDGE_LOOP('',(#1995,#1996,#2017,#2018));
#1995 = ORIENTED_EDGE('',*,*,#1829,.F.);
#1996 = ORIENTED_EDGE('',*,*,#1997,.F.);
#1997 = EDGE_CURVE('',#809,#1830,#1998,.T.);
#1998 = SEAM_CURVE('',#1999,(#2003,#2010),.PCURVE_S1.);
#1999 = LINE('',#2000,#2001);
#2000 = CARTESIAN_POINT('',(-16.6,-3.184081677783E-16,27.66));
#2001 = VECTOR('',#2002,1.);
#2002 = DIRECTION('',(1.,0.,2.22044604925E-16));
#2003 = PCURVE('',#930,#2004);
#2004 = DEFINITIONAL_REPRESENTATION('',(#2005),#2009);
#2005 = LINE('',#2006,#2007);
#2006 = CARTESIAN_POINT('',(6.28318530718,-0.));
#2007 = VECTOR('',#2008,1.);
#2008 = DIRECTION('',(0.,1.));
#2009 = ( GEOMETRIC_REPRESENTATION_CONTEXT(2) 
PARAMETRIC_REPRESENTATION_CONTEXT() REPRESENTATION_CONTEXT('2D SPACE',''
  ) );
#2010 = PCURVE('',#930,#2011);
#2011 = DEFINITIONAL_REPRESENTATION('',(#2012),#2016);
#2012 = LINE('',#2013,#2014);
#2013 = CARTESIAN_POINT('',(0.,-0.));
#2014 = VECTOR('',#2015,1.);
#2015 = DIRECTION('',(0.,1.));
#2016 = ( GEOMETRIC_REPRESENTATION_CONTEXT(2) 
PARAMETRIC_REPRESENTATION_CONTEXT() REPRESENTATION_CONTEXT('2D SPACE',''
  ) );
#2017 = ORIENTED_EDGE('',*,*,#808,.T.);
#2018 = ORIENTED_EDGE('',*,*,#1997,.T.);
#2019 = ADVANCED_FACE('',(#2020),#1106,.F.);
#2020 = FACE_BOUND('',#2021,.F.);
#2021 = EDGE_LOOP('',(#2022,#2023,#2024,#2025));
#2022 = ORIENTED_EDGE('',*,*,#1092,.F.);
#2023 = ORIENTED_EDGE('',*,*,#1457,.T.);
#2024 = ORIENTED_EDGE('',*,*,#1237,.T.);
#2025 = ORIENTED_EDGE('',*,*,#1146,.T.);
#2026 = ADVANCED_FACE('',(#2027),#1060,.T.);
#2027 = FACE_BOUND('',#2028,.T.);
#2028 = EDGE_LOOP('',(#2029,#2030,#2031,#2032,#2033,#2034,#2035,#2036));
#2029 = ORIENTED_EDGE('',*,*,#1364,.F.);
#2030 = ORIENTED_EDGE('',*,*,#1553,.F.);
#2031 = ORIENTED_EDGE('',*,*,#1504,.T.);
#2032 = ORIENTED_EDGE('',*,*,#1435,.T.);
#2033 = ORIENTED_EDGE('',*,*,#1195,.T.);
#2034 = ORIENTED_EDGE('',*,*,#1264,.T.);
#2035 = ORIENTED_EDGE('',*,*,#1045,.F.);
#2036 = ORIENTED_EDGE('',*,*,#1477,.T.);
#2037 = ADVANCED_FACE('',(#2038,#2208),#1303,.T.);
#2038 = FACE_BOUND('',#2039,.T.);
#2039 = EDGE_LOOP('',(#2040,#2070,#2098,#2126,#2154,#2182));
#2040 = ORIENTED_EDGE('',*,*,#2041,.T.);
#2041 = EDGE_CURVE('',#2042,#2044,#2046,.T.);
#2042 = VERTEX_POINT('',#2043);
#2043 = CARTESIAN_POINT('',(6.616434084913,0.,2.));
#2044 = VERTEX_POINT('',#2045);
#2045 = CARTESIAN_POINT('',(3.308217042457,5.73,2.));
#2046 = SURFACE_CURVE('',#2047,(#2051,#2058),.PCURVE_S1.);
#2047 = LINE('',#2048,#2049);
#2048 = CARTESIAN_POINT('',(6.616434084913,0.,2.));
#2049 = VECTOR('',#2050,1.);
#2050 = DIRECTION('',(-0.5,0.866025403784,0.));
#2051 = PCURVE('',#1303,#2052);
#2052 = DEFINITIONAL_REPRESENTATION('',(#2053),#2057);
#2053 = LINE('',#2054,#2055);
#2054 = CARTESIAN_POINT('',(6.616434084913,3.49190976604E-16));
#2055 = VECTOR('',#2056,1.);
#2056 = DIRECTION('',(-0.5,0.866025403784));
#2057 = ( GEOMETRIC_REPRESENTATION_CONTEXT(2) 
PARAMETRIC_REPRESENTATION_CONTEXT() REPRESENTATION_CONTEXT('2D SPACE',''
  ) );
#2058 = PCURVE('',#2059,#2064);
#2059 = PLANE('',#2060);
#2060 = AXIS2_PLACEMENT_3D('',#2061,#2062,#2063);
#2061 = CARTESIAN_POINT('',(6.616434084913,0.,2.));
#2062 = DIRECTION('',(-0.866025403784,-0.5,0.));
#2063 = DIRECTION('',(-0.5,0.866025403784,0.));
#2064 = DEFINITIONAL_REPRESENTATION('',(#2065),#2069);
#2065 = LINE('',#2066,#2067);
#2066 = CARTESIAN_POINT('',(0.,0.));
#2067 = VECTOR('',#2068,1.);
#2068 = DIRECTION('',(1.,0.));
#2069 = ( GEOMETRIC_REPRESENTATION_CONTEXT(2) 
PARAMETRIC_REPRESENTATION_CONTEXT() REPRESENTATION_CONTEXT('2D SPACE',''
  ) );
#2070 = ORIENTED_EDGE('',*,*,#2071,.T.);
#2071 = EDGE_CURVE('',#2044,#2072,#2074,.T.);
#2072 = VERTEX_POINT('',#2073);
#2073 = CARTESIAN_POINT('',(-3.308217042457,5.73,2.));
#2074 = SURFACE_CURVE('',#2075,(#2079,#2086),.PCURVE_S1.);
#2075 = LINE('',#2076,#2077);
#2076 = CARTESIAN_POINT('',(3.308217042457,5.73,2.));
#2077 = VECTOR('',#2078,1.);
#2078 = DIRECTION('',(-1.,1.342382329064E-16,0.));
#2079 = PCURVE('',#1303,#2080);
#2080 = DEFINITIONAL_REPRESENTATION('',(#2081),#2085);
#2081 = LINE('',#2082,#2083);
#2082 = CARTESIAN_POINT('',(3.308217042457,5.73));
#2083 = VECTOR('',#2084,1.);
#2084 = DIRECTION('',(-1.,1.342382329064E-16));
#2085 = ( GEOMETRIC_REPRESENTATION_CONTEXT(2) 
PARAMETRIC_REPRESENTATION_CONTEXT() REPRESENTATION_CONTEXT('2D SPACE',''
  ) );
#2086 = PCURVE('',#2087,#2092);
#2087 = PLANE('',#2088);
#2088 = AXIS2_PLACEMENT_3D('',#2089,#2090,#2091);
#2089 = CARTESIAN_POINT('',(3.308217042457,5.73,2.));
#2090 = DIRECTION('',(-1.342382329064E-16,-1.,0.));
#2091 = DIRECTION('',(-1.,1.342382329064E-16,0.));
#2092 = DEFINITIONAL_REPRESENTATION('',(#2093),#2097);
#2093 = LINE('',#2094,#2095);
#2094 = CARTESIAN_POINT('',(0.,0.));
#2095 = VECTOR('',#2096,1.);
#2096 = DIRECTION('',(1.,0.));
#2097 = ( GEOMETRIC_REPRESENTATION_CONTEXT(2) 
PARAMETRIC_REPRESENTATION_CONTEXT() REPRESENTATION_CONTEXT('2D SPACE',''
  ) );
#2098 = ORIENTED_EDGE('',*,*,#2099,.T.);
#2099 = EDGE_CURVE('',#2072,#2100,#2102,.T.);
#2100 = VERTEX_POINT('',#2101);
#2101 = CARTESIAN_POINT('',(-6.616434084913,8.102794823858E-16,2.));
#2102 = SURFACE_CURVE('',#2103,(#2107,#2114),.PCURVE_S1.);
#2103 = LINE('',#2104,#2105);
#2104 = CARTESIAN_POINT('',(-3.308217042457,5.73,2.));
#2105 = VECTOR('',#2106,1.);
#2106 = DIRECTION('',(-0.5,-0.866025403784,0.));
#2107 = PCURVE('',#1303,#2108);
#2108 = DEFINITIONAL_REPRESENTATION('',(#2109),#2113);
#2109 = LINE('',#2110,#2111);
#2110 = CARTESIAN_POINT('',(-3.308217042457,5.73));
#2111 = VECTOR('',#2112,1.);
#2112 = DIRECTION('',(-0.5,-0.866025403784));
#2113 = ( GEOMETRIC_REPRESENTATION_CONTEXT(2) 
PARAMETRIC_REPRESENTATION_CONTEXT() REPRESENTATION_CONTEXT('2D SPACE',''
  ) );
#2114 = PCURVE('',#2115,#2120);
#2115 = PLANE('',#2116);
#2116 = AXIS2_PLACEMENT_3D('',#2117,#2118,#2119);
#2117 = CARTESIAN_POINT('',(-3.308217042457,5.73,2.));
#2118 = DIRECTION('',(0.866025403784,-0.5,0.));
#2119 = DIRECTION('',(-0.5,-0.866025403784,0.));
#2120 = DEFINITIONAL_REPRESENTATION('',(#2121),#2125);
#2121 = LINE('',#2122,#2123);
#2122 = CARTESIAN_POINT('',(0.,0.));
#2123 = VECTOR('',#2124,1.);
#2124 = DIRECTION('',(1.,0.));
#2125 = ( GEOMETRIC_REPRESENTATION_CONTEXT(2) 
PARAMETRIC_REPRESENTATION_CONTEXT() REPRESENTATION_CONTEXT('2D SPACE',''
  ) );
#2126 = ORIENTED_EDGE('',*,*,#2127,.T.);
#2127 = EDGE_CURVE('',#2100,#2128,#2130,.T.);
#2128 = VERTEX_POINT('',#2129);
#2129 = CARTESIAN_POINT('',(-3.308217042457,-5.73,2.));
#2130 = SURFACE_CURVE('',#2131,(#2135,#2142),.PCURVE_S1.);
#2131 = LINE('',#2132,#2133);
#2132 = CARTESIAN_POINT('',(-6.616434084913,8.102794823858E-16,2.));
#2133 = VECTOR('',#2134,1.);
#2134 = DIRECTION('',(0.5,-0.866025403784,0.));
#2135 = PCURVE('',#1303,#2136);
#2136 = DEFINITIONAL_REPRESENTATION('',(#2137),#2141);
#2137 = LINE('',#2138,#2139);
#2138 = CARTESIAN_POINT('',(-6.616434084913,1.15947045899E-15));
#2139 = VECTOR('',#2140,1.);
#2140 = DIRECTION('',(0.5,-0.866025403784));
#2141 = ( GEOMETRIC_REPRESENTATION_CONTEXT(2) 
PARAMETRIC_REPRESENTATION_CONTEXT() REPRESENTATION_CONTEXT('2D SPACE',''
  ) );
#2142 = PCURVE('',#2143,#2148);
#2143 = PLANE('',#2144);
#2144 = AXIS2_PLACEMENT_3D('',#2145,#2146,#2147);
#2145 = CARTESIAN_POINT('',(-6.616434084913,8.102794823858E-16,2.));
#2146 = DIRECTION('',(0.866025403784,0.5,-0.));
#2147 = DIRECTION('',(0.5,-0.866025403784,0.));
#2148 = DEFINITIONAL_REPRESENTATION('',(#2149),#2153);
#2149 = LINE('',#2150,#2151);
#2150 = CARTESIAN_POINT('',(0.,0.));
#2151 = VECTOR('',#2152,1.);
#2152 = DIRECTION('',(1.,0.));
#2153 = ( GEOMETRIC_REPRESENTATION_CONTEXT(2) 
PARAMETRIC_REPRESENTATION_CONTEXT() REPRESENTATION_CONTEXT('2D SPACE',''
  ) );
#2154 = ORIENTED_EDGE('',*,*,#2155,.T.);
#2155 = EDGE_CURVE('',#2128,#2156,#2158,.T.);
#2156 = VERTEX_POINT('',#2157);
#2157 = CARTESIAN_POINT('',(3.308217042457,-5.73,2.));
#2158 = SURFACE_CURVE('',#2159,(#2163,#2170),.PCURVE_S1.);
#2159 = LINE('',#2160,#2161);
#2160 = CARTESIAN_POINT('',(-3.308217042457,-5.73,2.));
#2161 = VECTOR('',#2162,1.);
#2162 = DIRECTION('',(1.,-1.342382329064E-16,0.));
#2163 = PCURVE('',#1303,#2164);
#2164 = DEFINITIONAL_REPRESENTATION('',(#2165),#2169);
#2165 = LINE('',#2166,#2167);
#2166 = CARTESIAN_POINT('',(-3.308217042457,-5.73));
#2167 = VECTOR('',#2168,1.);
#2168 = DIRECTION('',(1.,-1.342382329064E-16));
#2169 = ( GEOMETRIC_REPRESENTATION_CONTEXT(2) 
PARAMETRIC_REPRESENTATION_CONTEXT() REPRESENTATION_CONTEXT('2D SPACE',''
  ) );
#2170 = PCURVE('',#2171,#2176);
#2171 = PLANE('',#2172);
#2172 = AXIS2_PLACEMENT_3D('',#2173,#2174,#2175);
#2173 = CARTESIAN_POINT('',(-3.308217042457,-5.73,2.));
#2174 = DIRECTION('',(1.342382329064E-16,1.,-0.));
#2175 = DIRECTION('',(1.,-1.342382329064E-16,0.));
#2176 = DEFINITIONAL_REPRESENTATION('',(#2177),#2181);
#2177 = LINE('',#2178,#2179);
#2178 = CARTESIAN_POINT('',(0.,0.));
#2179 = VECTOR('',#2180,1.);
#2180 = DIRECTION('',(1.,0.));
#2181 = ( GEOMETRIC_REPRESENTATION_CONTEXT(2) 
PARAMETRIC_REPRESENTATION_CONTEXT() REPRESENTATION_CONTEXT('2D SPACE',''
  ) );
#2182 = ORIENTED_EDGE('',*,*,#2183,.T.);
#2183 = EDGE_CURVE('',#2156,#2042,#2184,.T.);
#2184 = SURFACE_CURVE('',#2185,(#2189,#2196),.PCURVE_S1.);
#2185 = LINE('',#2186,#2187);
#2186 = CARTESIAN_POINT('',(3.308217042457,-5.73,2.));
#2187 = VECTOR('',#2188,1.);
#2188 = DIRECTION('',(0.5,0.866025403784,0.));
#2189 = PCURVE('',#1303,#2190);
#2190 = DEFINITIONAL_REPRESENTATION('',(#2191),#2195);
#2191 = LINE('',#2192,#2193);
#2192 = CARTESIAN_POINT('',(3.308217042457,-5.73));
#2193 = VECTOR('',#2194,1.);
#2194 = DIRECTION('',(0.5,0.866025403784));
#2195 = ( GEOMETRIC_REPRESENTATION_CONTEXT(2) 
PARAMETRIC_REPRESENTATION_CONTEXT() REPRESENTATION_CONTEXT('2D SPACE',''
  ) );
#2196 = PCURVE('',#2197,#2202);
#2197 = PLANE('',#2198);
#2198 = AXIS2_PLACEMENT_3D('',#2199,#2200,#2201);
#2199 = CARTESIAN_POINT('',(3.308217042457,-5.73,2.));
#2200 = DIRECTION('',(-0.866025403784,0.5,0.));
#2201 = DIRECTION('',(0.5,0.866025403784,0.));
#2202 = DEFINITIONAL_REPRESENTATION('',(#2203),#2207);
#2203 = LINE('',#2204,#2205);
#2204 = CARTESIAN_POINT('',(0.,0.));
#2205 = VECTOR('',#2206,1.);
#2206 = DIRECTION('',(1.,0.));
#2207 = ( GEOMETRIC_REPRESENTATION_CONTEXT(2) 
PARAMETRIC_REPRESENTATION_CONTEXT() REPRESENTATION_CONTEXT('2D SPACE',''
  ) );
#2208 = FACE_BOUND('',#2209,.T.);
#2209 = EDGE_LOOP('',(#2210));
#2210 = ORIENTED_EDGE('',*,*,#1286,.F.);
#2211 = ADVANCED_FACE('',(#2212),#1595,.T.);
#2212 = FACE_BOUND('',#2213,.T.);
#2213 = EDGE_LOOP('',(#2214,#2237,#2266,#2290,#2311));
#2214 = ORIENTED_EDGE('',*,*,#2215,.F.);
#2215 = EDGE_CURVE('',#2216,#1579,#2218,.T.);
#2216 = VERTEX_POINT('',#2217);
#2217 = CARTESIAN_POINT('',(8.660254037844,5.,8.46));
#2218 = SURFACE_CURVE('',#2219,(#2223,#2230),.PCURVE_S1.);
#2219 = LINE('',#2220,#2221);
#2220 = CARTESIAN_POINT('',(8.,5.,8.46));
#2221 = VECTOR('',#2222,1.);
#2222 = DIRECTION('',(1.,0.,-0.));
#2223 = PCURVE('',#1595,#2224);
#2224 = DEFINITIONAL_REPRESENTATION('',(#2225),#2229);
#2225 = LINE('',#2226,#2227);
#2226 = CARTESIAN_POINT('',(0.,10.));
#2227 = VECTOR('',#2228,1.);
#2228 = DIRECTION('',(1.,0.));
#2229 = ( GEOMETRIC_REPRESENTATION_CONTEXT(2) 
PARAMETRIC_REPRESENTATION_CONTEXT() REPRESENTATION_CONTEXT('2D SPACE',''
  ) );
#2230 = PCURVE('',#1671,#2231);
#2231 = DEFINITIONAL_REPRESENTATION('',(#2232),#2236);
#2232 = LINE('',#2233,#2234);
#2233 = CARTESIAN_POINT('',(0.,0.));
#2234 = VECTOR('',#2235,1.);
#2235 = DIRECTION('',(0.,1.));
#2236 = ( GEOMETRIC_REPRESENTATION_CONTEXT(2) 
PARAMETRIC_REPRESENTATION_CONTEXT() REPRESENTATION_CONTEXT('2D SPACE',''
  ) );
#2237 = ORIENTED_EDGE('',*,*,#2238,.F.);
#2238 = EDGE_CURVE('',#2239,#2216,#2241,.T.);
#2239 = VERTEX_POINT('',#2240);
#2240 = CARTESIAN_POINT('',(10.,-2.449293598295E-15,8.46));
#2241 = SURFACE_CURVE('',#2242,(#2247,#2254),.PCURVE_S1.);
#2242 = CIRCLE('',#2243,10.);
#2243 = AXIS2_PLACEMENT_3D('',#2244,#2245,#2246);
#2244 = CARTESIAN_POINT('',(0.,0.,8.46));
#2245 = DIRECTION('',(0.,0.,1.));
#2246 = DIRECTION('',(1.,0.,-0.));
#2247 = PCURVE('',#1595,#2248);
#2248 = DEFINITIONAL_REPRESENTATION('',(#2249),#2253);
#2249 = CIRCLE('',#2250,10.);
#2250 = AXIS2_PLACEMENT_2D('',#2251,#2252);
#2251 = CARTESIAN_POINT('',(-8.,5.));
#2252 = DIRECTION('',(1.,0.));
#2253 = ( GEOMETRIC_REPRESENTATION_CONTEXT(2) 
PARAMETRIC_REPRESENTATION_CONTEXT() REPRESENTATION_CONTEXT('2D SPACE',''
  ) );
#2254 = PCURVE('',#2255,#2260);
#2255 = CYLINDRICAL_SURFACE('',#2256,10.);
#2256 = AXIS2_PLACEMENT_3D('',#2257,#2258,#2259);
#2257 = CARTESIAN_POINT('',(0.,0.,7.96));
#2258 = DIRECTION('',(0.,0.,1.));
#2259 = DIRECTION('',(1.,0.,-0.));
#2260 = DEFINITIONAL_REPRESENTATION('',(#2261),#2265);
#2261 = LINE('',#2262,#2263);
#2262 = CARTESIAN_POINT('',(0.,0.5));
#2263 = VECTOR('',#2264,1.);
#2264 = DIRECTION('',(1.,0.));
#2265 = ( GEOMETRIC_REPRESENTATION_CONTEXT(2) 
PARAMETRIC_REPRESENTATION_CONTEXT() REPRESENTATION_CONTEXT('2D SPACE',''
  ) );
#2266 = ORIENTED_EDGE('',*,*,#2267,.F.);
#2267 = EDGE_CURVE('',#2268,#2239,#2270,.T.);
#2268 = VERTEX_POINT('',#2269);
#2269 = CARTESIAN_POINT('',(8.660254037844,-5.,8.46));
#2270 = SURFACE_CURVE('',#2271,(#2276,#2283),.PCURVE_S1.);
#2271 = CIRCLE('',#2272,10.);
#2272 = AXIS2_PLACEMENT_3D('',#2273,#2274,#2275);
#2273 = CARTESIAN_POINT('',(0.,0.,8.46));
#2274 = DIRECTION('',(0.,0.,1.));
#2275 = DIRECTION('',(1.,0.,-0.));
#2276 = PCURVE('',#1595,#2277);
#2277 = DEFINITIONAL_REPRESENTATION('',(#2278),#2282);
#2278 = CIRCLE('',#2279,10.);
#2279 = AXIS2_PLACEMENT_2D('',#2280,#2281);
#2280 = CARTESIAN_POINT('',(-8.,5.));
#2281 = DIRECTION('',(1.,0.));
#2282 = ( GEOMETRIC_REPRESENTATION_CONTEXT(2) 
PARAMETRIC_REPRESENTATION_CONTEXT() REPRESENTATION_CONTEXT('2D SPACE',''
  ) );
#2283 = PCURVE('',#2255,#2284);
#2284 = DEFINITIONAL_REPRESENTATION('',(#2285),#2289);
#2285 = LINE('',#2286,#2287);
#2286 = CARTESIAN_POINT('',(0.,0.5));
#2287 = VECTOR('',#2288,1.);
#2288 = DIRECTION('',(1.,0.));
#2289 = ( GEOMETRIC_REPRESENTATION_CONTEXT(2) 
PARAMETRIC_REPRESENTATION_CONTEXT() REPRESENTATION_CONTEXT('2D SPACE',''
  ) );
#2290 = ORIENTED_EDGE('',*,*,#2291,.T.);
#2291 = EDGE_CURVE('',#2268,#1581,#2292,.T.);
#2292 = SURFACE_CURVE('',#2293,(#2297,#2304),.PCURVE_S1.);
#2293 = LINE('',#2294,#2295);
#2294 = CARTESIAN_POINT('',(8.,-5.,8.46));
#2295 = VECTOR('',#2296,1.);
#2296 = DIRECTION('',(1.,0.,-0.));
#2297 = PCURVE('',#1595,#2298);
#2298 = DEFINITIONAL_REPRESENTATION('',(#2299),#2303);
#2299 = LINE('',#2300,#2301);
#2300 = CARTESIAN_POINT('',(0.,0.));
#2301 = VECTOR('',#2302,1.);
#2302 = DIRECTION('',(1.,0.));
#2303 = ( GEOMETRIC_REPRESENTATION_CONTEXT(2) 
PARAMETRIC_REPRESENTATION_CONTEXT() REPRESENTATION_CONTEXT('2D SPACE',''
  ) );
#2304 = PCURVE('',#1621,#2305);
#2305 = DEFINITIONAL_REPRESENTATION('',(#2306),#2310);
#2306 = LINE('',#2307,#2308);
#2307 = CARTESIAN_POINT('',(0.,0.));
#2308 = VECTOR('',#2309,1.);
#2309 = DIRECTION('',(0.,1.));
#2310 = ( GEOMETRIC_REPRESENTATION_CONTEXT(2) 
PARAMETRIC_REPRESENTATION_CONTEXT() REPRESENTATION_CONTEXT('2D SPACE',''
  ) );
#2311 = ORIENTED_EDGE('',*,*,#1578,.F.);
#2312 = ADVANCED_FACE('',(#2313),#1671,.F.);
#2313 = FACE_BOUND('',#2314,.F.);
#2314 = EDGE_LOOP('',(#2315,#2316,#2337,#2356,#2357,#2378));
#2315 = ORIENTED_EDGE('',*,*,#2215,.F.);
#2316 = ORIENTED_EDGE('',*,*,#2317,.T.);
#2317 = EDGE_CURVE('',#2216,#2318,#2320,.T.);
#2318 = VERTEX_POINT('',#2319);
#2319 = CARTESIAN_POINT('',(8.660254037844,5.,13.96));
#2320 = SURFACE_CURVE('',#2321,(#2325,#2331),.PCURVE_S1.);
#2321 = LINE('',#2322,#2323);
#2322 = CARTESIAN_POINT('',(8.660254037844,5.,7.96));
#2323 = VECTOR('',#2324,1.);
#2324 = DIRECTION('',(0.,0.,1.));
#2325 = PCURVE('',#1671,#2326);
#2326 = DEFINITIONAL_REPRESENTATION('',(#2327),#2330);
#2327 = B_SPLINE_CURVE_WITH_KNOTS('',1,(#2328,#2329),.UNSPECIFIED.,.F.,
  .F.,(2,2),(-5.999999999062E-07,6.0000006),.PIECEWISE_BEZIER_KNOTS.);
#2328 = CARTESIAN_POINT('',(-0.5000006,0.660254037844));
#2329 = CARTESIAN_POINT('',(5.5000006,0.660254037844));
#2330 = ( GEOMETRIC_REPRESENTATION_CONTEXT(2) 
PARAMETRIC_REPRESENTATION_CONTEXT() REPRESENTATION_CONTEXT('2D SPACE',''
  ) );
#2331 = PCURVE('',#2255,#2332);
#2332 = DEFINITIONAL_REPRESENTATION('',(#2333),#2336);
#2333 = B_SPLINE_CURVE_WITH_KNOTS('',1,(#2334,#2335),.UNSPECIFIED.,.F.,
  .F.,(2,2),(-5.999999999062E-07,6.0000006),.PIECEWISE_BEZIER_KNOTS.);
#2334 = CARTESIAN_POINT('',(0.523598775598,-5.999999999062E-07));
#2335 = CARTESIAN_POINT('',(0.523598775598,6.0000006));
#2336 = ( GEOMETRIC_REPRESENTATION_CONTEXT(2) 
PARAMETRIC_REPRESENTATION_CONTEXT() REPRESENTATION_CONTEXT('2D SPACE',''
  ) );
#2337 = ORIENTED_EDGE('',*,*,#2338,.F.);
#2338 = EDGE_CURVE('',#1759,#2318,#2339,.T.);
#2339 = SURFACE_CURVE('',#2340,(#2344,#2350),.PCURVE_S1.);
#2340 = LINE('',#2341,#2342);
#2341 = CARTESIAN_POINT('',(4.,5.,13.96));
#2342 = VECTOR('',#2343,1.);
#2343 = DIRECTION('',(-1.,-0.,0.));
#2344 = PCURVE('',#1671,#2345);
#2345 = DEFINITIONAL_REPRESENTATION('',(#2346),#2349);
#2346 = B_SPLINE_CURVE_WITH_KNOTS('',1,(#2347,#2348),.UNSPECIFIED.,.F.,
  .F.,(2,2),(-9.2,-4.),.PIECEWISE_BEZIER_KNOTS.);
#2347 = CARTESIAN_POINT('',(5.5,5.2));
#2348 = CARTESIAN_POINT('',(5.5,0.));
#2349 = ( GEOMETRIC_REPRESENTATION_CONTEXT(2) 
PARAMETRIC_REPRESENTATION_CONTEXT() REPRESENTATION_CONTEXT('2D SPACE',''
  ) );
#2350 = PCURVE('',#1796,#2351);
#2351 = DEFINITIONAL_REPRESENTATION('',(#2352),#2355);
#2352 = B_SPLINE_CURVE_WITH_KNOTS('',1,(#2353,#2354),.UNSPECIFIED.,.F.,
  .F.,(2,2),(-9.2,-4.),.PIECEWISE_BEZIER_KNOTS.);
#2353 = CARTESIAN_POINT('',(13.2,5.));
#2354 = CARTESIAN_POINT('',(8.,5.));
#2355 = ( GEOMETRIC_REPRESENTATION_CONTEXT(2) 
PARAMETRIC_REPRESENTATION_CONTEXT() REPRESENTATION_CONTEXT('2D SPACE',''
  ) );
#2356 = ORIENTED_EDGE('',*,*,#1758,.T.);
#2357 = ORIENTED_EDGE('',*,*,#2358,.T.);
#2358 = EDGE_CURVE('',#1735,#1633,#2359,.T.);
#2359 = SURFACE_CURVE('',#2360,(#2364,#2371),.PCURVE_S1.);
#2360 = LINE('',#2361,#2362);
#2361 = CARTESIAN_POINT('',(8.,5.,19.96));
#2362 = VECTOR('',#2363,1.);
#2363 = DIRECTION('',(1.,0.,-0.));
#2364 = PCURVE('',#1671,#2365);
#2365 = DEFINITIONAL_REPRESENTATION('',(#2366),#2370);
#2366 = LINE('',#2367,#2368);
#2367 = CARTESIAN_POINT('',(11.5,0.));
#2368 = VECTOR('',#2369,1.);
#2369 = DIRECTION('',(0.,1.));
#2370 = ( GEOMETRIC_REPRESENTATION_CONTEXT(2) 
PARAMETRIC_REPRESENTATION_CONTEXT() REPRESENTATION_CONTEXT('2D SPACE',''
  ) );
#2371 = PCURVE('',#1647,#2372);
#2372 = DEFINITIONAL_REPRESENTATION('',(#2373),#2377);
#2373 = LINE('',#2374,#2375);
#2374 = CARTESIAN_POINT('',(0.,10.));
#2375 = VECTOR('',#2376,1.);
#2376 = DIRECTION('',(1.,0.));
#2377 = ( GEOMETRIC_REPRESENTATION_CONTEXT(2) 
PARAMETRIC_REPRESENTATION_CONTEXT() REPRESENTATION_CONTEXT('2D SPACE',''
  ) );
#2378 = ORIENTED_EDGE('',*,*,#1658,.F.);
#2379 = ADVANCED_FACE('',(#2380),#1647,.F.);
#2380 = FACE_BOUND('',#2381,.F.);
#2381 = EDGE_LOOP('',(#2382,#2383,#2384,#2385,#2406));
#2382 = ORIENTED_EDGE('',*,*,#2358,.F.);
#2383 = ORIENTED_EDGE('',*,*,#1734,.F.);
#2384 = ORIENTED_EDGE('',*,*,#1685,.F.);
#2385 = ORIENTED_EDGE('',*,*,#2386,.T.);
#2386 = EDGE_CURVE('',#1686,#1607,#2387,.T.);
#2387 = SURFACE_CURVE('',#2388,(#2392,#2399),.PCURVE_S1.);
#2388 = LINE('',#2389,#2390);
#2389 = CARTESIAN_POINT('',(8.,-5.,19.96));
#2390 = VECTOR('',#2391,1.);
#2391 = DIRECTION('',(1.,0.,-0.));
#2392 = PCURVE('',#1647,#2393);
#2393 = DEFINITIONAL_REPRESENTATION('',(#2394),#2398);
#2394 = LINE('',#2395,#2396);
#2395 = CARTESIAN_POINT('',(0.,0.));
#2396 = VECTOR('',#2397,1.);
#2397 = DIRECTION('',(1.,0.));
#2398 = ( GEOMETRIC_REPRESENTATION_CONTEXT(2) 
PARAMETRIC_REPRESENTATION_CONTEXT() REPRESENTATION_CONTEXT('2D SPACE',''
  ) );
#2399 = PCURVE('',#1621,#2400);
#2400 = DEFINITIONAL_REPRESENTATION('',(#2401),#2405);
#2401 = LINE('',#2402,#2403);
#2402 = CARTESIAN_POINT('',(11.5,0.));
#2403 = VECTOR('',#2404,1.);
#2404 = DIRECTION('',(0.,1.));
#2405 = ( GEOMETRIC_REPRESENTATION_CONTEXT(2) 
PARAMETRIC_REPRESENTATION_CONTEXT() REPRESENTATION_CONTEXT('2D SPACE',''
  ) );
#2406 = ORIENTED_EDGE('',*,*,#1632,.F.);
#2407 = ADVANCED_FACE('',(#2408),#1621,.T.);
#2408 = FACE_BOUND('',#2409,.T.);
#2409 = EDGE_LOOP('',(#2410,#2411,#2432,#2451,#2452,#2453));
#2410 = ORIENTED_EDGE('',*,*,#2291,.F.);
#2411 = ORIENTED_EDGE('',*,*,#2412,.T.);
#2412 = EDGE_CURVE('',#2268,#2413,#2415,.T.);
#2413 = VERTEX_POINT('',#2414);
#2414 = CARTESIAN_POINT('',(8.660254037844,-5.,13.96));
#2415 = SURFACE_CURVE('',#2416,(#2420,#2426),.PCURVE_S1.);
#2416 = LINE('',#2417,#2418);
#2417 = CARTESIAN_POINT('',(8.660254037844,-5.,7.96));
#2418 = VECTOR('',#2419,1.);
#2419 = DIRECTION('',(0.,0.,1.));
#2420 = PCURVE('',#1621,#2421);
#2421 = DEFINITIONAL_REPRESENTATION('',(#2422),#2425);
#2422 = B_SPLINE_CURVE_WITH_KNOTS('',1,(#2423,#2424),.UNSPECIFIED.,.F.,
  .F.,(2,2),(-5.999999999062E-07,6.0000006),.PIECEWISE_BEZIER_KNOTS.);
#2423 = CARTESIAN_POINT('',(-0.5000006,0.660254037844));
#2424 = CARTESIAN_POINT('',(5.5000006,0.660254037844));
#2425 = ( GEOMETRIC_REPRESENTATION_CONTEXT(2) 
PARAMETRIC_REPRESENTATION_CONTEXT() REPRESENTATION_CONTEXT('2D SPACE',''
  ) );
#2426 = PCURVE('',#2255,#2427);
#2427 = DEFINITIONAL_REPRESENTATION('',(#2428),#2431);
#2428 = B_SPLINE_CURVE_WITH_KNOTS('',1,(#2429,#2430),.UNSPECIFIED.,.F.,
  .F.,(2,2),(-5.999999999062E-07,6.0000006),.PIECEWISE_BEZIER_KNOTS.);
#2429 = CARTESIAN_POINT('',(5.759586531581,-5.999999999062E-07));
#2430 = CARTESIAN_POINT('',(5.759586531581,6.0000006));
#2431 = ( GEOMETRIC_REPRESENTATION_CONTEXT(2) 
PARAMETRIC_REPRESENTATION_CONTEXT() REPRESENTATION_CONTEXT('2D SPACE',''
  ) );
#2432 = ORIENTED_EDGE('',*,*,#2433,.F.);
#2433 = EDGE_CURVE('',#1780,#2413,#2434,.T.);
#2434 = SURFACE_CURVE('',#2435,(#2439,#2445),.PCURVE_S1.);
#2435 = LINE('',#2436,#2437);
#2436 = CARTESIAN_POINT('',(4.,-5.,13.96));
#2437 = VECTOR('',#2438,1.);
#2438 = DIRECTION('',(-1.,-0.,0.));
#2439 = PCURVE('',#1621,#2440);
#2440 = DEFINITIONAL_REPRESENTATION('',(#2441),#2444);
#2441 = B_SPLINE_CURVE_WITH_KNOTS('',1,(#2442,#2443),.UNSPECIFIED.,.F.,
  .F.,(2,2),(-9.2,-4.),.PIECEWISE_BEZIER_KNOTS.);
#2442 = CARTESIAN_POINT('',(5.5,5.2));
#2443 = CARTESIAN_POINT('',(5.5,0.));
#2444 = ( GEOMETRIC_REPRESENTATION_CONTEXT(2) 
PARAMETRIC_REPRESENTATION_CONTEXT() REPRESENTATION_CONTEXT('2D SPACE',''
  ) );
#2445 = PCURVE('',#1796,#2446);
#2446 = DEFINITIONAL_REPRESENTATION('',(#2447),#2450);
#2447 = B_SPLINE_CURVE_WITH_KNOTS('',1,(#2448,#2449),.UNSPECIFIED.,.F.,
  .F.,(2,2),(-9.2,-4.),.PIECEWISE_BEZIER_KNOTS.);
#2448 = CARTESIAN_POINT('',(13.2,-5.));
#2449 = CARTESIAN_POINT('',(8.,-5.));
#2450 = ( GEOMETRIC_REPRESENTATION_CONTEXT(2) 
PARAMETRIC_REPRESENTATION_CONTEXT() REPRESENTATION_CONTEXT('2D SPACE',''
  ) );
#2451 = ORIENTED_EDGE('',*,*,#1808,.T.);
#2452 = ORIENTED_EDGE('',*,*,#2386,.T.);
#2453 = ORIENTED_EDGE('',*,*,#1606,.F.);
#2454 = ADVANCED_FACE('',(#2455),#1796,.T.);
#2455 = FACE_BOUND('',#2456,.T.);
#2456 = EDGE_LOOP('',(#2457,#2458,#2459,#2460));
#2457 = ORIENTED_EDGE('',*,*,#2338,.F.);
#2458 = ORIENTED_EDGE('',*,*,#1779,.T.);
#2459 = ORIENTED_EDGE('',*,*,#2433,.T.);
#2460 = ORIENTED_EDGE('',*,*,#2461,.F.);
#2461 = EDGE_CURVE('',#2318,#2413,#2462,.T.);
#2462 = SURFACE_CURVE('',#2463,(#2468,#2475),.PCURVE_S1.);
#2463 = CIRCLE('',#2464,10.);
#2464 = AXIS2_PLACEMENT_3D('',#2465,#2466,#2467);
#2465 = CARTESIAN_POINT('',(0.,0.,13.96));
#2466 = DIRECTION('',(0.,0.,1.));
#2467 = DIRECTION('',(1.,0.,-0.));
#2468 = PCURVE('',#1796,#2469);
#2469 = DEFINITIONAL_REPRESENTATION('',(#2470),#2474);
#2470 = CIRCLE('',#2471,10.);
#2471 = AXIS2_PLACEMENT_2D('',#2472,#2473);
#2472 = CARTESIAN_POINT('',(0.,0.));
#2473 = DIRECTION('',(1.,0.));
#2474 = ( GEOMETRIC_REPRESENTATION_CONTEXT(2) 
PARAMETRIC_REPRESENTATION_CONTEXT() REPRESENTATION_CONTEXT('2D SPACE',''
  ) );
#2475 = PCURVE('',#2255,#2476);
#2476 = DEFINITIONAL_REPRESENTATION('',(#2477),#2481);
#2477 = LINE('',#2478,#2479);
#2478 = CARTESIAN_POINT('',(0.,6.));
#2479 = VECTOR('',#2480,1.);
#2480 = DIRECTION('',(1.,0.));
#2481 = ( GEOMETRIC_REPRESENTATION_CONTEXT(2) 
PARAMETRIC_REPRESENTATION_CONTEXT() REPRESENTATION_CONTEXT('2D SPACE',''
  ) );
#2482 = ADVANCED_FACE('',(#2483),#2059,.T.);
#2483 = FACE_BOUND('',#2484,.T.);
#2484 = EDGE_LOOP('',(#2485,#2508,#2536,#2557));
#2485 = ORIENTED_EDGE('',*,*,#2486,.T.);
#2486 = EDGE_CURVE('',#2042,#2487,#2489,.T.);
#2487 = VERTEX_POINT('',#2488);
#2488 = CARTESIAN_POINT('',(6.616434084913,0.,7.96));
#2489 = SURFACE_CURVE('',#2490,(#2494,#2501),.PCURVE_S1.);
#2490 = LINE('',#2491,#2492);
#2491 = CARTESIAN_POINT('',(6.616434084913,0.,2.));
#2492 = VECTOR('',#2493,1.);
#2493 = DIRECTION('',(0.,0.,1.));
#2494 = PCURVE('',#2059,#2495);
#2495 = DEFINITIONAL_REPRESENTATION('',(#2496),#2500);
#2496 = LINE('',#2497,#2498);
#2497 = CARTESIAN_POINT('',(0.,0.));
#2498 = VECTOR('',#2499,1.);
#2499 = DIRECTION('',(0.,-1.));
#2500 = ( GEOMETRIC_REPRESENTATION_CONTEXT(2) 
PARAMETRIC_REPRESENTATION_CONTEXT() REPRESENTATION_CONTEXT('2D SPACE',''
  ) );
#2501 = PCURVE('',#2197,#2502);
#2502 = DEFINITIONAL_REPRESENTATION('',(#2503),#2507);
#2503 = LINE('',#2504,#2505);
#2504 = CARTESIAN_POINT('',(6.616434084913,0.));
#2505 = VECTOR('',#2506,1.);
#2506 = DIRECTION('',(0.,-1.));
#2507 = ( GEOMETRIC_REPRESENTATION_CONTEXT(2) 
PARAMETRIC_REPRESENTATION_CONTEXT() REPRESENTATION_CONTEXT('2D SPACE',''
  ) );
#2508 = ORIENTED_EDGE('',*,*,#2509,.T.);
#2509 = EDGE_CURVE('',#2487,#2510,#2512,.T.);
#2510 = VERTEX_POINT('',#2511);
#2511 = CARTESIAN_POINT('',(3.308217042457,5.73,7.96));
#2512 = SURFACE_CURVE('',#2513,(#2517,#2524),.PCURVE_S1.);
#2513 = LINE('',#2514,#2515);
#2514 = CARTESIAN_POINT('',(6.616434084913,0.,7.96));
#2515 = VECTOR('',#2516,1.);
#2516 = DIRECTION('',(-0.5,0.866025403784,0.));
#2517 = PCURVE('',#2059,#2518);
#2518 = DEFINITIONAL_REPRESENTATION('',(#2519),#2523);
#2519 = LINE('',#2520,#2521);
#2520 = CARTESIAN_POINT('',(0.,-5.96));
#2521 = VECTOR('',#2522,1.);
#2522 = DIRECTION('',(1.,0.));
#2523 = ( GEOMETRIC_REPRESENTATION_CONTEXT(2) 
PARAMETRIC_REPRESENTATION_CONTEXT() REPRESENTATION_CONTEXT('2D SPACE',''
  ) );
#2524 = PCURVE('',#2525,#2530);
#2525 = PLANE('',#2526);
#2526 = AXIS2_PLACEMENT_3D('',#2527,#2528,#2529);
#2527 = CARTESIAN_POINT('',(0.,0.,7.96));
#2528 = DIRECTION('',(0.,0.,1.));
#2529 = DIRECTION('',(1.,0.,-0.));
#2530 = DEFINITIONAL_REPRESENTATION('',(#2531),#2535);
#2531 = LINE('',#2532,#2533);
#2532 = CARTESIAN_POINT('',(6.616434084913,0.));
#2533 = VECTOR('',#2534,1.);
#2534 = DIRECTION('',(-0.5,0.866025403784));
#2535 = ( GEOMETRIC_REPRESENTATION_CONTEXT(2) 
PARAMETRIC_REPRESENTATION_CONTEXT() REPRESENTATION_CONTEXT('2D SPACE',''
  ) );
#2536 = ORIENTED_EDGE('',*,*,#2537,.F.);
#2537 = EDGE_CURVE('',#2044,#2510,#2538,.T.);
#2538 = SURFACE_CURVE('',#2539,(#2543,#2550),.PCURVE_S1.);
#2539 = LINE('',#2540,#2541);
#2540 = CARTESIAN_POINT('',(3.308217042457,5.73,2.));
#2541 = VECTOR('',#2542,1.);
#2542 = DIRECTION('',(0.,0.,1.));
#2543 = PCURVE('',#2059,#2544);
#2544 = DEFINITIONAL_REPRESENTATION('',(#2545),#2549);
#2545 = LINE('',#2546,#2547);
#2546 = CARTESIAN_POINT('',(6.616434084913,0.));
#2547 = VECTOR('',#2548,1.);
#2548 = DIRECTION('',(0.,-1.));
#2549 = ( GEOMETRIC_REPRESENTATION_CONTEXT(2) 
PARAMETRIC_REPRESENTATION_CONTEXT() REPRESENTATION_CONTEXT('2D SPACE',''
  ) );
#2550 = PCURVE('',#2087,#2551);
#2551 = DEFINITIONAL_REPRESENTATION('',(#2552),#2556);
#2552 = LINE('',#2553,#2554);
#2553 = CARTESIAN_POINT('',(0.,0.));
#2554 = VECTOR('',#2555,1.);
#2555 = DIRECTION('',(0.,-1.));
#2556 = ( GEOMETRIC_REPRESENTATION_CONTEXT(2) 
PARAMETRIC_REPRESENTATION_CONTEXT() REPRESENTATION_CONTEXT('2D SPACE',''
  ) );
#2557 = ORIENTED_EDGE('',*,*,#2041,.F.);
#2558 = ADVANCED_FACE('',(#2559),#2197,.T.);
#2559 = FACE_BOUND('',#2560,.T.);
#2560 = EDGE_LOOP('',(#2561,#2584,#2605,#2606));
#2561 = ORIENTED_EDGE('',*,*,#2562,.T.);
#2562 = EDGE_CURVE('',#2156,#2563,#2565,.T.);
#2563 = VERTEX_POINT('',#2564);
#2564 = CARTESIAN_POINT('',(3.308217042457,-5.73,7.96));
#2565 = SURFACE_CURVE('',#2566,(#2570,#2577),.PCURVE_S1.);
#2566 = LINE('',#2567,#2568);
#2567 = CARTESIAN_POINT('',(3.308217042457,-5.73,2.));
#2568 = VECTOR('',#2569,1.);
#2569 = DIRECTION('',(0.,0.,1.));
#2570 = PCURVE('',#2197,#2571);
#2571 = DEFINITIONAL_REPRESENTATION('',(#2572),#2576);
#2572 = LINE('',#2573,#2574);
#2573 = CARTESIAN_POINT('',(0.,0.));
#2574 = VECTOR('',#2575,1.);
#2575 = DIRECTION('',(0.,-1.));
#2576 = ( GEOMETRIC_REPRESENTATION_CONTEXT(2) 
PARAMETRIC_REPRESENTATION_CONTEXT() REPRESENTATION_CONTEXT('2D SPACE',''
  ) );
#2577 = PCURVE('',#2171,#2578);
#2578 = DEFINITIONAL_REPRESENTATION('',(#2579),#2583);
#2579 = LINE('',#2580,#2581);
#2580 = CARTESIAN_POINT('',(6.616434084913,0.));
#2581 = VECTOR('',#2582,1.);
#2582 = DIRECTION('',(0.,-1.));
#2583 = ( GEOMETRIC_REPRESENTATION_CONTEXT(2) 
PARAMETRIC_REPRESENTATION_CONTEXT() REPRESENTATION_CONTEXT('2D SPACE',''
  ) );
#2584 = ORIENTED_EDGE('',*,*,#2585,.T.);
#2585 = EDGE_CURVE('',#2563,#2487,#2586,.T.);
#2586 = SURFACE_CURVE('',#2587,(#2591,#2598),.PCURVE_S1.);
#2587 = LINE('',#2588,#2589);
#2588 = CARTESIAN_POINT('',(3.308217042457,-5.73,7.96));
#2589 = VECTOR('',#2590,1.);
#2590 = DIRECTION('',(0.5,0.866025403784,0.));
#2591 = PCURVE('',#2197,#2592);
#2592 = DEFINITIONAL_REPRESENTATION('',(#2593),#2597);
#2593 = LINE('',#2594,#2595);
#2594 = CARTESIAN_POINT('',(0.,-5.96));
#2595 = VECTOR('',#2596,1.);
#2596 = DIRECTION('',(1.,0.));
#2597 = ( GEOMETRIC_REPRESENTATION_CONTEXT(2) 
PARAMETRIC_REPRESENTATION_CONTEXT() REPRESENTATION_CONTEXT('2D SPACE',''
  ) );
#2598 = PCURVE('',#2525,#2599);
#2599 = DEFINITIONAL_REPRESENTATION('',(#2600),#2604);
#2600 = LINE('',#2601,#2602);
#2601 = CARTESIAN_POINT('',(3.308217042457,-5.73));
#2602 = VECTOR('',#2603,1.);
#2603 = DIRECTION('',(0.5,0.866025403784));
#2604 = ( GEOMETRIC_REPRESENTATION_CONTEXT(2) 
PARAMETRIC_REPRESENTATION_CONTEXT() REPRESENTATION_CONTEXT('2D SPACE',''
  ) );
#2605 = ORIENTED_EDGE('',*,*,#2486,.F.);
#2606 = ORIENTED_EDGE('',*,*,#2183,.F.);
#2607 = ADVANCED_FACE('',(#2608),#2087,.T.);
#2608 = FACE_BOUND('',#2609,.T.);
#2609 = EDGE_LOOP('',(#2610,#2611,#2634,#2655));
#2610 = ORIENTED_EDGE('',*,*,#2537,.T.);
#2611 = ORIENTED_EDGE('',*,*,#2612,.T.);
#2612 = EDGE_CURVE('',#2510,#2613,#2615,.T.);
#2613 = VERTEX_POINT('',#2614);
#2614 = CARTESIAN_POINT('',(-3.308217042457,5.73,7.96));
#2615 = SURFACE_CURVE('',#2616,(#2620,#2627),.PCURVE_S1.);
#2616 = LINE('',#2617,#2618);
#2617 = CARTESIAN_POINT('',(3.308217042457,5.73,7.96));
#2618 = VECTOR('',#2619,1.);
#2619 = DIRECTION('',(-1.,1.342382329064E-16,0.));
#2620 = PCURVE('',#2087,#2621);
#2621 = DEFINITIONAL_REPRESENTATION('',(#2622),#2626);
#2622 = LINE('',#2623,#2624);
#2623 = CARTESIAN_POINT('',(0.,-5.96));
#2624 = VECTOR('',#2625,1.);
#2625 = DIRECTION('',(1.,0.));
#2626 = ( GEOMETRIC_REPRESENTATION_CONTEXT(2) 
PARAMETRIC_REPRESENTATION_CONTEXT() REPRESENTATION_CONTEXT('2D SPACE',''
  ) );
#2627 = PCURVE('',#2525,#2628);
#2628 = DEFINITIONAL_REPRESENTATION('',(#2629),#2633);
#2629 = LINE('',#2630,#2631);
#2630 = CARTESIAN_POINT('',(3.308217042457,5.73));
#2631 = VECTOR('',#2632,1.);
#2632 = DIRECTION('',(-1.,1.342382329064E-16));
#2633 = ( GEOMETRIC_REPRESENTATION_CONTEXT(2) 
PARAMETRIC_REPRESENTATION_CONTEXT() REPRESENTATION_CONTEXT('2D SPACE',''
  ) );
#2634 = ORIENTED_EDGE('',*,*,#2635,.F.);
#2635 = EDGE_CURVE('',#2072,#2613,#2636,.T.);
#2636 = SURFACE_CURVE('',#2637,(#2641,#2648),.PCURVE_S1.);
#2637 = LINE('',#2638,#2639);
#2638 = CARTESIAN_POINT('',(-3.308217042457,5.73,2.));
#2639 = VECTOR('',#2640,1.);
#2640 = DIRECTION('',(0.,0.,1.));
#2641 = PCURVE('',#2087,#2642);
#2642 = DEFINITIONAL_REPRESENTATION('',(#2643),#2647);
#2643 = LINE('',#2644,#2645);
#2644 = CARTESIAN_POINT('',(6.616434084913,0.));
#2645 = VECTOR('',#2646,1.);
#2646 = DIRECTION('',(0.,-1.));
#2647 = ( GEOMETRIC_REPRESENTATION_CONTEXT(2) 
PARAMETRIC_REPRESENTATION_CONTEXT() REPRESENTATION_CONTEXT('2D SPACE',''
  ) );
#2648 = PCURVE('',#2115,#2649);
#2649 = DEFINITIONAL_REPRESENTATION('',(#2650),#2654);
#2650 = LINE('',#2651,#2652);
#2651 = CARTESIAN_POINT('',(0.,0.));
#2652 = VECTOR('',#2653,1.);
#2653 = DIRECTION('',(0.,-1.));
#2654 = ( GEOMETRIC_REPRESENTATION_CONTEXT(2) 
PARAMETRIC_REPRESENTATION_CONTEXT() REPRESENTATION_CONTEXT('2D SPACE',''
  ) );
#2655 = ORIENTED_EDGE('',*,*,#2071,.F.);
#2656 = ADVANCED_FACE('',(#2657),#2171,.T.);
#2657 = FACE_BOUND('',#2658,.T.);
#2658 = EDGE_LOOP('',(#2659,#2682,#2703,#2704));
#2659 = ORIENTED_EDGE('',*,*,#2660,.T.);
#2660 = EDGE_CURVE('',#2128,#2661,#2663,.T.);
#2661 = VERTEX_POINT('',#2662);
#2662 = CARTESIAN_POINT('',(-3.308217042457,-5.73,7.96));
#2663 = SURFACE_CURVE('',#2664,(#2668,#2675),.PCURVE_S1.);
#2664 = LINE('',#2665,#2666);
#2665 = CARTESIAN_POINT('',(-3.308217042457,-5.73,2.));
#2666 = VECTOR('',#2667,1.);
#2667 = DIRECTION('',(0.,0.,1.));
#2668 = PCURVE('',#2171,#2669);
#2669 = DEFINITIONAL_REPRESENTATION('',(#2670),#2674);
#2670 = LINE('',#2671,#2672);
#2671 = CARTESIAN_POINT('',(0.,0.));
#2672 = VECTOR('',#2673,1.);
#2673 = DIRECTION('',(0.,-1.));
#2674 = ( GEOMETRIC_REPRESENTATION_CONTEXT(2) 
PARAMETRIC_REPRESENTATION_CONTEXT() REPRESENTATION_CONTEXT('2D SPACE',''
  ) );
#2675 = PCURVE('',#2143,#2676);
#2676 = DEFINITIONAL_REPRESENTATION('',(#2677),#2681);
#2677 = LINE('',#2678,#2679);
#2678 = CARTESIAN_POINT('',(6.616434084913,0.));
#2679 = VECTOR('',#2680,1.);
#2680 = DIRECTION('',(0.,-1.));
#2681 = ( GEOMETRIC_REPRESENTATION_CONTEXT(2) 
PARAMETRIC_REPRESENTATION_CONTEXT() REPRESENTATION_CONTEXT('2D SPACE',''
  ) );
#2682 = ORIENTED_EDGE('',*,*,#2683,.T.);
#2683 = EDGE_CURVE('',#2661,#2563,#2684,.T.);
#2684 = SURFACE_CURVE('',#2685,(#2689,#2696),.PCURVE_S1.);
#2685 = LINE('',#2686,#2687);
#2686 = CARTESIAN_POINT('',(-3.308217042457,-5.73,7.96));
#2687 = VECTOR('',#2688,1.);
#2688 = DIRECTION('',(1.,-1.342382329064E-16,0.));
#2689 = PCURVE('',#2171,#2690);
#2690 = DEFINITIONAL_REPRESENTATION('',(#2691),#2695);
#2691 = LINE('',#2692,#2693);
#2692 = CARTESIAN_POINT('',(0.,-5.96));
#2693 = VECTOR('',#2694,1.);
#2694 = DIRECTION('',(1.,0.));
#2695 = ( GEOMETRIC_REPRESENTATION_CONTEXT(2) 
PARAMETRIC_REPRESENTATION_CONTEXT() REPRESENTATION_CONTEXT('2D SPACE',''
  ) );
#2696 = PCURVE('',#2525,#2697);
#2697 = DEFINITIONAL_REPRESENTATION('',(#2698),#2702);
#2698 = LINE('',#2699,#2700);
#2699 = CARTESIAN_POINT('',(-3.308217042457,-5.73));
#2700 = VECTOR('',#2701,1.);
#2701 = DIRECTION('',(1.,-1.342382329064E-16));
#2702 = ( GEOMETRIC_REPRESENTATION_CONTEXT(2) 
PARAMETRIC_REPRESENTATION_CONTEXT() REPRESENTATION_CONTEXT('2D SPACE',''
  ) );
#2703 = ORIENTED_EDGE('',*,*,#2562,.F.);
#2704 = ORIENTED_EDGE('',*,*,#2155,.F.);
#2705 = ADVANCED_FACE('',(#2706),#2115,.T.);
#2706 = FACE_BOUND('',#2707,.T.);
#2707 = EDGE_LOOP('',(#2708,#2709,#2732,#2753));
#2708 = ORIENTED_EDGE('',*,*,#2635,.T.);
#2709 = ORIENTED_EDGE('',*,*,#2710,.T.);
#2710 = EDGE_CURVE('',#2613,#2711,#2713,.T.);
#2711 = VERTEX_POINT('',#2712);
#2712 = CARTESIAN_POINT('',(-6.616434084913,8.102794823858E-16,7.96));
#2713 = SURFACE_CURVE('',#2714,(#2718,#2725),.PCURVE_S1.);
#2714 = LINE('',#2715,#2716);
#2715 = CARTESIAN_POINT('',(-3.308217042457,5.73,7.96));
#2716 = VECTOR('',#2717,1.);
#2717 = DIRECTION('',(-0.5,-0.866025403784,0.));
#2718 = PCURVE('',#2115,#2719);
#2719 = DEFINITIONAL_REPRESENTATION('',(#2720),#2724);
#2720 = LINE('',#2721,#2722);
#2721 = CARTESIAN_POINT('',(0.,-5.96));
#2722 = VECTOR('',#2723,1.);
#2723 = DIRECTION('',(1.,0.));
#2724 = ( GEOMETRIC_REPRESENTATION_CONTEXT(2) 
PARAMETRIC_REPRESENTATION_CONTEXT() REPRESENTATION_CONTEXT('2D SPACE',''
  ) );
#2725 = PCURVE('',#2525,#2726);
#2726 = DEFINITIONAL_REPRESENTATION('',(#2727),#2731);
#2727 = LINE('',#2728,#2729);
#2728 = CARTESIAN_POINT('',(-3.308217042457,5.73));
#2729 = VECTOR('',#2730,1.);
#2730 = DIRECTION('',(-0.5,-0.866025403784));
#2731 = ( GEOMETRIC_REPRESENTATION_CONTEXT(2) 
PARAMETRIC_REPRESENTATION_CONTEXT() REPRESENTATION_CONTEXT('2D SPACE',''
  ) );
#2732 = ORIENTED_EDGE('',*,*,#2733,.F.);
#2733 = EDGE_CURVE('',#2100,#2711,#2734,.T.);
#2734 = SURFACE_CURVE('',#2735,(#2739,#2746),.PCURVE_S1.);
#2735 = LINE('',#2736,#2737);
#2736 = CARTESIAN_POINT('',(-6.616434084913,8.102794823858E-16,2.));
#2737 = VECTOR('',#2738,1.);
#2738 = DIRECTION('',(0.,0.,1.));
#2739 = PCURVE('',#2115,#2740);
#2740 = DEFINITIONAL_REPRESENTATION('',(#2741),#2745);
#2741 = LINE('',#2742,#2743);
#2742 = CARTESIAN_POINT('',(6.616434084913,0.));
#2743 = VECTOR('',#2744,1.);
#2744 = DIRECTION('',(0.,-1.));
#2745 = ( GEOMETRIC_REPRESENTATION_CONTEXT(2) 
PARAMETRIC_REPRESENTATION_CONTEXT() REPRESENTATION_CONTEXT('2D SPACE',''
  ) );
#2746 = PCURVE('',#2143,#2747);
#2747 = DEFINITIONAL_REPRESENTATION('',(#2748),#2752);
#2748 = LINE('',#2749,#2750);
#2749 = CARTESIAN_POINT('',(0.,0.));
#2750 = VECTOR('',#2751,1.);
#2751 = DIRECTION('',(0.,-1.));
#2752 = ( GEOMETRIC_REPRESENTATION_CONTEXT(2) 
PARAMETRIC_REPRESENTATION_CONTEXT() REPRESENTATION_CONTEXT('2D SPACE',''
  ) );
#2753 = ORIENTED_EDGE('',*,*,#2099,.F.);
#2754 = ADVANCED_FACE('',(#2755),#2143,.T.);
#2755 = FACE_BOUND('',#2756,.T.);
#2756 = EDGE_LOOP('',(#2757,#2758,#2779,#2780));
#2757 = ORIENTED_EDGE('',*,*,#2733,.T.);
#2758 = ORIENTED_EDGE('',*,*,#2759,.T.);
#2759 = EDGE_CURVE('',#2711,#2661,#2760,.T.);
#2760 = SURFACE_CURVE('',#2761,(#2765,#2772),.PCURVE_S1.);
#2761 = LINE('',#2762,#2763);
#2762 = CARTESIAN_POINT('',(-6.616434084913,8.102794823858E-16,7.96));
#2763 = VECTOR('',#2764,1.);
#2764 = DIRECTION('',(0.5,-0.866025403784,0.));
#2765 = PCURVE('',#2143,#2766);
#2766 = DEFINITIONAL_REPRESENTATION('',(#2767),#2771);
#2767 = LINE('',#2768,#2769);
#2768 = CARTESIAN_POINT('',(0.,-5.96));
#2769 = VECTOR('',#2770,1.);
#2770 = DIRECTION('',(1.,0.));
#2771 = ( GEOMETRIC_REPRESENTATION_CONTEXT(2) 
PARAMETRIC_REPRESENTATION_CONTEXT() REPRESENTATION_CONTEXT('2D SPACE',''
  ) );
#2772 = PCURVE('',#2525,#2773);
#2773 = DEFINITIONAL_REPRESENTATION('',(#2774),#2778);
#2774 = LINE('',#2775,#2776);
#2775 = CARTESIAN_POINT('',(-6.616434084913,8.102794823858E-16));
#2776 = VECTOR('',#2777,1.);
#2777 = DIRECTION('',(0.5,-0.866025403784));
#2778 = ( GEOMETRIC_REPRESENTATION_CONTEXT(2) 
PARAMETRIC_REPRESENTATION_CONTEXT() REPRESENTATION_CONTEXT('2D SPACE',''
  ) );
#2779 = ORIENTED_EDGE('',*,*,#2660,.F.);
#2780 = ORIENTED_EDGE('',*,*,#2127,.F.);
#2781 = ADVANCED_FACE('',(#2782),#2255,.F.);
#2782 = FACE_BOUND('',#2783,.F.);
#2783 = EDGE_LOOP('',(#2784,#2785,#2786,#2787,#2810,#2832,#2833,#2834));
#2784 = ORIENTED_EDGE('',*,*,#2461,.F.);
#2785 = ORIENTED_EDGE('',*,*,#2317,.F.);
#2786 = ORIENTED_EDGE('',*,*,#2238,.F.);
#2787 = ORIENTED_EDGE('',*,*,#2788,.F.);
#2788 = EDGE_CURVE('',#2789,#2239,#2791,.T.);
#2789 = VERTEX_POINT('',#2790);
#2790 = CARTESIAN_POINT('',(10.,-2.449293598295E-15,7.96));
#2791 = SEAM_CURVE('',#2792,(#2796,#2803),.PCURVE_S1.);
#2792 = LINE('',#2793,#2794);
#2793 = CARTESIAN_POINT('',(10.,-2.449293598295E-15,7.96));
#2794 = VECTOR('',#2795,1.);
#2795 = DIRECTION('',(0.,0.,1.));
#2796 = PCURVE('',#2255,#2797);
#2797 = DEFINITIONAL_REPRESENTATION('',(#2798),#2802);
#2798 = LINE('',#2799,#2800);
#2799 = CARTESIAN_POINT('',(6.28318530718,-0.));
#2800 = VECTOR('',#2801,1.);
#2801 = DIRECTION('',(0.,1.));
#2802 = ( GEOMETRIC_REPRESENTATION_CONTEXT(2) 
PARAMETRIC_REPRESENTATION_CONTEXT() REPRESENTATION_CONTEXT('2D SPACE',''
  ) );
#2803 = PCURVE('',#2255,#2804);
#2804 = DEFINITIONAL_REPRESENTATION('',(#2805),#2809);
#2805 = LINE('',#2806,#2807);
#2806 = CARTESIAN_POINT('',(0.,-0.));
#2807 = VECTOR('',#2808,1.);
#2808 = DIRECTION('',(0.,1.));
#2809 = ( GEOMETRIC_REPRESENTATION_CONTEXT(2) 
PARAMETRIC_REPRESENTATION_CONTEXT() REPRESENTATION_CONTEXT('2D SPACE',''
  ) );
#2810 = ORIENTED_EDGE('',*,*,#2811,.T.);
#2811 = EDGE_CURVE('',#2789,#2789,#2812,.T.);
#2812 = SURFACE_CURVE('',#2813,(#2818,#2825),.PCURVE_S1.);
#2813 = CIRCLE('',#2814,10.);
#2814 = AXIS2_PLACEMENT_3D('',#2815,#2816,#2817);
#2815 = CARTESIAN_POINT('',(0.,0.,7.96));
#2816 = DIRECTION('',(0.,0.,1.));
#2817 = DIRECTION('',(1.,0.,-0.));
#2818 = PCURVE('',#2255,#2819);
#2819 = DEFINITIONAL_REPRESENTATION('',(#2820),#2824);
#2820 = LINE('',#2821,#2822);
#2821 = CARTESIAN_POINT('',(0.,0.));
#2822 = VECTOR('',#2823,1.);
#2823 = DIRECTION('',(1.,0.));
#2824 = ( GEOMETRIC_REPRESENTATION_CONTEXT(2) 
PARAMETRIC_REPRESENTATION_CONTEXT() REPRESENTATION_CONTEXT('2D SPACE',''
  ) );
#2825 = PCURVE('',#2525,#2826);
#2826 = DEFINITIONAL_REPRESENTATION('',(#2827),#2831);
#2827 = CIRCLE('',#2828,10.);
#2828 = AXIS2_PLACEMENT_2D('',#2829,#2830);
#2829 = CARTESIAN_POINT('',(0.,0.));
#2830 = DIRECTION('',(1.,0.));
#2831 = ( GEOMETRIC_REPRESENTATION_CONTEXT(2) 
PARAMETRIC_REPRESENTATION_CONTEXT() REPRESENTATION_CONTEXT('2D SPACE',''
  ) );
#2832 = ORIENTED_EDGE('',*,*,#2788,.T.);
#2833 = ORIENTED_EDGE('',*,*,#2267,.F.);
#2834 = ORIENTED_EDGE('',*,*,#2412,.T.);
#2835 = ADVANCED_FACE('',(#2836,#2839),#2525,.T.);
#2836 = FACE_BOUND('',#2837,.T.);
#2837 = EDGE_LOOP('',(#2838));
#2838 = ORIENTED_EDGE('',*,*,#2811,.T.);
#2839 = FACE_BOUND('',#2840,.T.);
#2840 = EDGE_LOOP('',(#2841,#2842,#2843,#2844,#2845,#2846));
#2841 = ORIENTED_EDGE('',*,*,#2509,.F.);
#2842 = ORIENTED_EDGE('',*,*,#2585,.F.);
#2843 = ORIENTED_EDGE('',*,*,#2683,.F.);
#2844 = ORIENTED_EDGE('',*,*,#2759,.F.);
#2845 = ORIENTED_EDGE('',*,*,#2710,.F.);
#2846 = ORIENTED_EDGE('',*,*,#2612,.F.);
#2847 = ( GEOMETRIC_REPRESENTATION_CONTEXT(3) 
GLOBAL_UNCERTAINTY_ASSIGNED_CONTEXT((#2851)) 
GLOBAL_UNIT_ASSIGNED_CONTEXT((#2848,#2849,#2850)) REPRESENTATION_CONTEXT
('Context #1','3D Context with UNIT and UNCERTAINTY') );
#2848 = ( LENGTH_UNIT() NAMED_UNIT(*) SI_UNIT(.MILLI.,.METRE.) );
#2849 = ( NAMED_UNIT(*) PLANE_ANGLE_UNIT() SI_UNIT($,.RADIAN.) );
#2850 = ( NAMED_UNIT(*) SI_UNIT($,.STERADIAN.) SOLID_ANGLE_UNIT() );
#2851 = UNCERTAINTY_MEASURE_WITH_UNIT(LENGTH_MEASURE(1.E-07),#2848,
  'distance_accuracy_value','confusion accuracy');
#2852 = PRODUCT_RELATED_PRODUCT_CATEGORY('part',$,(#7));
ENDSEC;
END-ISO-10303-21;
